Placement ID,Purchases,Total Revenue
2001689670,2,240
2001453362,0,0
2001060576,1,112
2001636160,0,0
2001310142,0,0
2000594626,3,117
2000504450,0,0
2000706412,0,0
2001650360,1,27
2001362654,0,0
2000291404,3,426
2001087348,1,54
2001943440,0,0
2001385010,1,116
2000216402,0,0
2001260158,0,0
2001907910,0,0
2000538798,0,0
2001865194,1,58
2001600824,1,159
2000346142,2,184
2000757874,0,0
2001474928,0,0
2000273144,0,0
2001730330,0,0
2000224870,0,0
2000675632,2,184
2000868170,0,0
2000209126,1,48
2001237836,0,0
2000660542,1,134
2000968712,0,0
2000501878,4,88
2000894210,4,724
2000339752,2,24
2001658922,0,0
2000745848,3,207
2001865960,3,375
2001717764,1,178
2001191724,0,0
2000342196,0,0
2001271286,0,0
2000622660,0,0
2000474638,2,62
2000411860,0,0
2000324734,1,142
2000399892,1,154
2001914782,0,0
2001731410,1,82
2001986756,2,50
2001053468,3,402
2000397612,1,155
2000447474,2,88
2001766118,0,0
2000884722,0,0
2000823180,1,156
2000741256,0,0
2001976198,0,0
2001953790,1,24
2001981396,2,168
2000662622,2,64
2000955458,0,0
2001621588,1,67
2000945532,0,0
2000746266,1,56
2001651880,0,0
2000502486,2,182
2000587186,1,73
2000798238,1,100
2000819272,1,93
2000882530,1,55
2000544696,6,978
2000974454,1,117
2001540212,0,0
2000474212,2,336
2001234834,0,0
2000902078,0,0
2001129606,1,38
2000235560,0,0
2000580780,9,171
2001900126,4,72
2001240210,0,0
2001537016,0,0
2001337040,0,0
2001506016,1,13
2001595432,0,0
2001243938,0,0
2000313768,0,0
2001230382,0,0
2001709644,0,0
2001741558,0,0
2001931656,0,0
2000867292,0,0
2000584564,0,0
2000790742,39,2496
2001777530,1,118
2001153322,1,22
2000745818,4,372
2000643988,4,592
2001497116,0,0
2000840300,0,0
2001197964,3,531
2001919382,5,95
2001252056,0,0
2001244094,0,0
2000347826,1,176
2001989530,0,0
2001942354,0,0
2001494376,0,0
2001264612,0,0
2001073684,3,138
2001171210,2,342
2001979974,0,0
2001287450,0,0
2000315682,2,346
2000482888,4,412
2001634302,1,148
2001667240,3,450
2001925696,1,79
2001476462,3,420
2001587782,1,146
2000723502,1,134
2000572440,10,1390
2001299076,0,0
2000577710,1,135
2001850548,6,690
2000795820,0,0
2001037120,0,0
2000496018,0,0
2000911292,4,496
2000531306,14,1414
2001816994,2,194
2001415842,0,0
2000526406,1,69
2001073288,3,540
2000505656,2,382
2000956322,3,84
2000256218,0,0
2001750424,1,190
2000402282,2,96
2000927888,6,876
2000276788,4,480
2001892238,0,0
2000636852,0,0
2001642404,0,0
2001483800,0,0
2000841264,3,174
2001296138,0,0
2000560796,5,220
2001923488,3,489
2000887732,2,310
2000202578,1,38
2001445866,1,62
2001809088,2,250
2000408370,0,0
2001792448,0,0
2000545722,0,0
2000765054,3,567
2001152304,4,312
2000962926,1,162
2001994666,0,0
2000680506,3,573
2001889784,0,0
2000929272,0,0
2001537300,0,0
2001003284,1,171
2001015096,2,378
2000601532,0,0
2001196082,1,59
2000866942,1,105
2000692040,2,234
2000318932,1,112
2000457146,0,0
2001464734,1,72
2001382402,0,0
2001643672,1,89
2000788832,21,3612
2001169324,1,170
2000208604,0,0
2000641436,13,1560
2001403432,0,0
2000410768,2,264
2001726860,0,0
2000582398,1,86
2001513880,0,0
2000501542,2,342
2001995760,4,152
2000973170,0,0
2000226524,4,332
2001476414,2,216
2001482566,2,104
2000544934,6,114
2001326462,0,0
2001413316,0,0
2000363056,0,0
2001310424,0,0
2001099456,0,0
2000836138,1,84
2001249344,0,0
2001834286,1,78
2000930452,1,119
2001189506,0,0
2001737290,0,0
2001082774,1,128
2001966946,0,0
2000577838,7,490
2001718240,1,101
2000249934,2,356
2000529580,3,549
2000695534,5,600
2001840002,3,42
2000856870,2,400
2001748712,1,22
2001134074,0,0
2001723050,0,0
2000757356,0,0
2000857606,0,0
2001261746,0,0
2000292850,0,0
2001865938,0,0
2001552390,1,145
2001954000,1,140
2001610018,0,0
2001714830,0,0
2000618654,1,58
2000814452,16,1328
2001286204,0,0
2000568746,0,0
2001156616,0,0
2001098770,1,166
2000841012,1,48
2000230684,0,0
2000826510,1,104
2001229668,0,0
2001603572,0,0
2001945568,0,0
2001761654,2,210
2001404512,1,48
2000456742,2,86
2000314834,0,0
2001280794,0,0
2001522454,1,186
2000714320,4,388
2001325544,0,0
2001798342,0,0
2000769376,1,62
2000211782,1,21
2001810412,1,102
2001872300,0,0
2001863382,0,0
2001127466,1,46
2000974350,4,428
2001297374,0,0
2000590848,3,243
2001523282,0,0
2000748264,0,0
2001146946,2,286
2000813896,22,4004
2000778926,4,704
2001268082,0,0
2000663836,0,0
2001572364,0,0
2001559518,2,380
2000918410,1,53
2000603986,1,84
2000930046,0,0
2000831160,1,189
2000861952,1,111
2001171026,2,244
2001989078,1,126
2001817878,1,190
2000658992,2,164
2001400470,0,0
2001147368,1,120
2000658020,0,0
2000861414,1,54
2001579738,0,0
2001526958,2,340
2000594278,4,616
2000748812,2,320
2000655106,3,54
2000390436,1,93
2000605000,1,45
2001235504,0,0
2001355778,0,0
2000606636,2,308
2000428024,0,0
2001778476,4,72
2000575026,2,250
2000696862,2,196
2000597972,0,0
2001102886,1,115
2001909408,5,460
2001841784,1,173
2001037332,8,768
2001254718,0,0
2001036118,1,115
2000959330,0,0
2001637136,1,163
2000580342,1,153
2001892514,0,0
2001078540,1,24
2001146714,2,88
2000649362,0,0
2001353022,0,0
2000529980,1,200
2001652674,2,308
2001946424,0,0
2000885502,1,157
2001630346,1,52
2001122122,4,300
2001634398,0,0
2000500334,1,138
2000383906,0,0
2001050754,44,7304
2001948366,5,795
2000926554,1,107
2000490430,0,0
2001713264,1,101
2001349124,0,0
2000355666,1,52
2001899454,0,0
2000967092,2,232
2000531458,3,441
2000863020,0,0
2001596270,2,356
2001633848,1,71
2001978534,2,278
2000296006,0,0
2001214734,0,0
2001619756,0,0
2000231532,0,0
2000782464,1,90
2000588124,1,178
2000222606,0,0
2001390306,0,0
2000909892,0,0
2001223600,0,0
2000701224,4,84
2000800414,16,848
2000755632,0,0
2000203382,0,0
2000579968,2,390
2000261544,1,190
2000863090,0,0
2000239218,3,210
2000811148,1,180
2001711242,3,585
2000986428,0,0
2000611480,4,720
2001732518,1,88
2000500084,1,143
2001876910,0,0
2001354678,0,0
2001927302,2,294
2001001056,2,198
2001291896,0,0
2001105472,2,300
2000702812,16,3104
2000899078,0,0
2001098054,2,396
2000790390,24,2688
2000488586,1,10
2000395994,0,0
2001911714,3,75
2001430434,0,0
2000616310,2,116
2001774926,1,81
2000266812,2,66
2001036420,0,0
2000787074,1,101
2001782142,2,32
2001004876,1,175
2000399656,0,0
2001207468,0,0
2001627108,0,0
2000610118,0,0
2000215634,0,0
2000809444,0,0
2000559696,1,80
2001370234,0,0
2000441204,0,0
2001477130,1,128
2000733842,1,102
2001438514,1,92
2001951236,1,155
2001968788,2,120
2001387368,0,0
2001817168,1,91
2001975964,0,0
2000462376,0,0
2001105404,3,294
2000632886,1,191
2001689666,0,0
2001572580,1,165
2000909790,1,60
2000477152,2,294
2000966638,1,195
2001748398,3,294
2001812612,3,120
2000656158,4,656
2000535862,0,0
2000430274,0,0
2000870400,1,75
2000252754,0,0
2000992172,1,177
2000617222,3,117
2001779830,1,65
2001302832,0,0
2000704766,2,274
2001017932,1,196
2000591496,3,408
2001383528,0,0
2000442402,1,142
2000581932,6,1068
2001468318,0,0
2001099192,0,0
2000968098,0,0
2000737270,1,178
2001980084,3,261
2001203362,0,0
2001301290,0,0
2001146600,0,0
2001570560,0,0
2001599868,0,0
2000989742,0,0
2001496924,0,0
2001628760,2,338
2000537326,1,195
2001846660,0,0
2000518796,2,316
2000724786,1,92
2000252924,0,0
2000414302,0,0
2000258172,0,0
2001030778,1,37
2001993236,1,183
2000209078,1,22
2001517738,0,0
2000735034,7,427
2000662430,3,177
2001184544,1,174
2000517130,5,830
2001520120,0,0
2000900872,1,20
2000283488,3,408
2000302880,0,0
2001509012,0,0
2001599502,0,0
2000363924,1,88
2000558630,2,394
2000959878,6,1158
2001828742,1,175
2001106398,1,70
2001180950,3,327
2000999442,0,0
2001579270,0,0
2001850040,1,188
2001501834,0,0
2000747932,1,106
2001423212,0,0
2000987764,1,70
2001531218,0,0
2001326668,0,0
2000754062,0,0
2000657268,1,183
2000300586,1,109
2001396290,0,0
2001930050,0,0
2000276096,0,0
2000863264,2,394
2001259100,0,0
2001401782,0,0
2001552644,2,398
2000200714,3,399
2000720608,1,47
2000267464,1,193
2000631876,2,160
2000271342,0,0
2001703996,1,29
2000242106,2,206
2001638642,0,0
2000703978,1,175
2001470754,0,0
2001883976,6,960
2000774890,25,1500
2000343328,3,522
2001734914,0,0
2001291642,0,0
2001512414,1,36
2001141574,0,0
2000688198,4,212
2001584204,0,0
2000851366,3,291
2000998040,1,150
2001528992,1,200
2001711758,3,489
2000658700,4,412
2001934364,7,147
2000507742,1,133
2001708946,0,0
2000902990,2,342
2000887632,2,226
2000945178,0,0
2001179958,0,0
2000262076,0,0
2000314576,1,192
2000315610,1,178
2001400528,0,0
2001809542,2,50
2000837576,1,107
2000648268,1,20
2001185280,0,0
2000298822,1,200
2000526502,1,133
2000729656,11,1166
2000824886,1,194
2000270214,1,177
2000267988,1,172
2000311106,1,196
2001353988,1,178
2001065168,1,98
2001131748,0,0
2000945072,1,152
2001565070,0,0
2001036712,0,0
2001781092,0,0
2001521814,0,0
2000440750,0,0
2000805804,1,137
2001777770,1,135
2000804742,3,558
2000933318,0,0
2001390010,0,0
2001715606,2,324
2001680852,0,0
2000933844,0,0
2000704640,1,91
2001243780,0,0
2001906544,1,40
2000599550,2,174
2001576034,0,0
2000875178,0,0
2001401460,0,0
2000981570,1,163
2000399178,1,88
2001365756,0,0
2000875350,0,0
2000231132,0,0
2001875360,1,64
2000871100,0,0
2001494120,0,0
2000542314,3,579
2000338186,0,0
2000355338,1,121
2000365518,0,0
2001752802,0,0
2000371224,1,122
2000995890,1,24
2000484950,1,37
2001651148,0,0
2001014368,4,572
2004892802,1,103
2000978174,2,182
2001499308,1,14
2001945432,1,145
2001947416,0,0
2000899302,1,143
2000470296,0,0
2021760290,1,16
2001174310,0,0
2000992080,2,284
2001341494,0,0
2001368862,0,0
2000880784,1,172
2001147112,1,91
2000547194,0,0
2000588286,1,42
2000714906,1,15
2000570100,1,36
2000259132,1,158
2001537634,0,0
2001903206,1,34
2001581066,1,168
2000759544,0,0
2000343302,2,384
2001067718,0,0
2001085508,0,0
2000914618,2,96
2001617066,2,98
2000698338,0,0
2001421350,0,0
2001977324,0,0
2000350338,2,364
2001058012,3,435
2001652106,1,151
2001772078,0,0
2001316486,0,0
2001065432,1,44
2001360884,0,0
2001071484,1,156
2000833178,0,0
2001767954,1,81
2001644928,0,0
2000933262,0,0
2000925492,1,109
2000312876,4,464
2000833408,5,225
2001813160,1,161
2001246470,0,0
2001909442,3,159
2001573532,0,0
2001062834,1,116
2001868478,1,149
2000531696,4,68
2001061826,5,420
2001189824,0,0
2001443918,0,0
2001467774,0,0
2001487068,1,52
2000775554,32,1376
2001105580,0,0
2000475754,0,0
2001756720,0,0
2000772822,0,0
2001541762,0,0
2001209600,0,0
2001171238,3,75
2000672772,1,140
2001904864,0,0
2000637470,1,24
2001702430,0,0
2000374202,0,0
2000680566,2,42
2001792478,0,0
2000856332,0,0
2000424950,0,0
2000785160,0,0
2000513674,3,429
2000766536,1,66
2000810270,2,348
2001793422,0,0
2000903750,2,134
2001772888,0,0
2000343340,2,182
2001620028,0,0
2000635158,1,96
2001387228,0,0
2000437014,3,447
2001490206,2,206
2001023984,42,1008
2001538550,1,126
2001468612,2,326
2001987642,0,0
2001469288,1,53
2001346430,0,0
2000723760,1,137
2000661972,4,472
2001486946,1,124
2000800116,0,0
2001809740,2,178
2000504874,0,0
2000322694,0,0
2001537368,0,0
2023868726,1,195
2001341976,0,0
2000515218,1,162
2000689970,6,498
2000410892,1,181
2001471702,1,52
2000664988,3,324
2000838066,1,42
2000430444,3,69
2000992066,2,80
2001908078,0,0
2000293574,0,0
2001212420,0,0
2001667044,1,183
2000758808,2,236
2000442924,1,186
2001091416,1,179
2001624494,0,0
2001706924,2,74
2000520878,3,546
2000979282,1,24
2001852338,0,0
2001819822,1,173
2001216148,0,0
2000719538,2,142
2001350368,0,0
2000326192,1,47
2001629736,1,172
2001739096,0,0
2001426748,0,0
2001388390,0,0
2001560206,3,600
2001000384,1,146
2000224100,0,0
2001914306,0,0
2001396380,0,0
2001909406,11,363
2001103882,0,0
2000967966,0,0
2000604328,7,532
2001319242,0,0
2001178852,1,85
2001646718,3,390
2001832666,1,166
2001294414,0,0
2001413922,0,0
2000291470,3,477
2001394736,0,0
2000983782,1,139
2000959310,1,171
2001729934,0,0
2001518544,1,29
2001043262,1,200
2000544238,4,684
2000311560,1,68
2001399108,0,0
2000478174,1,89
2000725898,4,568
2001484308,0,0
2001914758,0,0
2001691530,1,97
2001767840,1,34
2000238424,1,59
2000818256,2,346
2001162044,0,0
2001580282,0,0
2000202790,1,184
2000393192,1,170
2000612236,1,117
2000695504,3,249
2000246352,0,0
2000716776,1,124
2001992534,2,84
2000807186,1,32
2000837992,2,398
2019651854,1,93
2001549838,1,68
2001103782,0,0
2001444916,3,129
2001562816,0,0
2000518250,2,108
2001285262,0,0
2000938260,0,0
2001759936,1,21
2001789756,2,120
2000691010,3,519
2000974370,5,555
2000829536,6,498
2000475986,0,0
2001515410,0,0
2001572604,1,44
2000215864,1,192
2001963630,1,28
2000672136,2,64
2001345098,0,0
2001863824,0,0
2000332096,2,180
2000232040,3,243
2001005366,1,18
2001725616,1,188
2001832538,3,432
2000847456,1,28
2000453748,1,30
2001127790,1,125
2000790042,10,590
2000224466,0,0
2000629772,1,131
2000830800,1,126
2009109674,5,120
2000673568,9,162
2001885546,1,104
2000519546,3,552
2000410346,2,324
2001038172,7,1274
2001864636,6,672
2001534970,1,88
2000613956,2,364
2001048304,1,163
2001372120,0,0
2001237292,0,0
2000446674,4,96
2001653214,1,131
2000501776,2,238
2001256918,0,0
2001542724,2,26
2000995526,0,0
2000351732,1,38
2000436742,2,260
2001602814,0,0
2000491132,0,0
2001599076,0,0
2000298548,1,159
2000593478,16,2528
2000295552,0,0
2000980902,3,450
2000904518,0,0
2001819610,1,51
2001009226,20,1920
2000990862,0,0
2000334914,0,0
2001775164,1,21
2001391230,0,0
2000856530,0,0
2001918970,0,0
2001306248,0,0
2001297992,0,0
2000702348,1,24
2000508304,0,0
2000236032,3,102
2001176626,0,0
2001087914,1,161
2000851932,1,51
2001869184,0,0
2001777166,2,34
2001347920,0,0
2001388656,0,0
2001425546,0,0
2001964668,5,60
2001847672,1,16
2001982260,1,81
2001500744,0,0
2001557508,1,10
2001733618,0,0
2001014046,3,153
2001019458,4,608
2000754946,1,27
2001730664,0,0
2000264020,1,173
2001441914,0,0
2000323332,1,87
2001212438,0,0
2001846128,2,50
2001162656,0,0
2000611450,4,492
2000836208,1,164
2001404966,0,0
2001546656,3,72
2001295986,0,0
2001448420,1,135
2000961568,0,0
2000661630,3,234
2001441502,2,346
2001604178,2,36
2001080314,0,0
2000905680,2,134
2000958430,1,53
2000990034,1,117
2001090140,3,174
2000507512,0,0
2001052368,6,972
2000979830,0,0
2001583062,1,68
2000211868,1,162
2001876482,0,0
2000736468,2,192
2001454534,0,0
2001273694,0,0
2000727426,0,0
2001285586,0,0
2000976096,0,0
2001890376,1,173
2001276184,0,0
2000470944,0,0
2001689974,3,228
2000563782,5,165
2000210476,2,24
2000248304,3,393
2000705014,1,75
2000212990,1,76
2001440170,0,0
2001822244,0,0
2000230622,1,192
2000925998,1,61
2001100362,1,37
2001873410,1,82
2001037546,26,3094
2001699336,0,0
2000317712,2,150
2001374284,0,0
2000242096,2,352
2000476734,0,0
2001481096,1,109
2000391536,1,149
2001706306,0,0
2001906938,1,106
2001784198,0,0
2001240946,0,0
2001363482,0,0
2000699832,3,504
2001862012,2,400
2000570600,0,0
2000489400,2,340
2001122020,4,624
2000916330,0,0
2001056242,0,0
2000721276,3,600
2001980920,3,522
2000795112,0,0
2001553808,0,0
2001635080,0,0
2000876258,0,0
2001119042,0,0
2000398126,2,88
2001069498,0,0
2000960070,2,152
2001430330,0,0
2001934926,1,73
2001790522,9,1467
2001057856,0,0
2001640380,0,0
2000527222,9,1584
2000206718,0,0
2001263580,0,0
2001336910,0,0
2001205244,0,0
2000304352,0,0
2001149272,2,312
2000586666,4,544
2001151482,0,0
2001364088,0,0
2001815308,5,960
2001286420,0,0
2001798114,1,37
2001309054,0,0
2001148964,3,345
2001697324,1,169
2000235604,2,384
2001454194,0,0
2001275230,0,0
2000637946,2,270
2001132184,1,152
2000358752,0,0
2000775296,33,5115
2000437832,0,0
2001895740,0,0
2001672474,0,0
2000843642,0,0
2000234328,0,0
2001825848,1,60
2001265690,0,0
2000796432,0,0
2001065918,1,105
2000478740,0,0
2000732080,2,118
2001356468,0,0
2001160720,1,76
2000938858,3,288
2001201020,0,0
2000316800,0,0
2001405132,0,0
2001551952,0,0
2001375856,0,0
2000925334,1,94
2000993000,0,0
2001220600,0,0
2001574820,0,0
2000949982,0,0
2000609284,1,59
2000728826,0,0
2001039948,5,740
2000996162,0,0
2000428236,0,0
2001539042,2,142
2001672778,0,0
2000786240,5,560
2000523728,4,456
2000502600,1,200
2001497902,0,0
2000435520,1,24
2001365828,0,0
2001822216,0,0
2000246986,0,0
2000488430,1,46
2000701504,2,128
2000953896,1,143
2001204592,0,0
2000714886,1,68
2001803948,0,0
2000782870,1,54
2001393702,0,0
2000601322,0,0
2001865814,1,76
2001589084,1,51
2001270578,0,0
2001799028,0,0
2001025938,39,7254
2001017518,1,131
2000713190,0,0
2001891078,2,218
2000276324,1,175
2000565268,2,382
2000592542,1,158
2001813292,0,0
2000523722,0,0
2001160118,0,0
2000639234,1,21
2000614722,1,165
2000346736,2,350
2001160224,0,0
2000538646,1,159
2000959426,2,190
2001519398,0,0
2001743876,1,185
2000495854,1,148
2000674448,2,186
2001474740,0,0
2000848430,1,80
2001521008,0,0
2000578092,5,265
2000364416,2,268
2000256876,0,0
2001707876,0,0
2000954766,1,95
2000265806,0,0
2000566918,1,104
2000837698,1,133
2001408846,0,0
2000279344,1,152
2001916642,1,196
2001281492,0,0
2000684472,3,243
2000534734,2,54
2001451008,0,0
2000874534,1,20
2001088566,0,0
2000792176,1,12
2001773942,5,565
2001063372,2,292
2000825912,0,0
2000572364,7,840
2001559932,2,380
2000228590,0,0
2000465654,1,55
2001429462,0,0
2001093458,2,50
2001404682,0,0
2001798224,1,132
2001937008,1,70
2000768882,1,72
2000852682,2,104
2001753234,1,29
2000666392,1,86
2001241118,0,0
2000844576,0,0
2001025622,30,2430
2000975208,0,0
2001778138,0,0
2001249594,0,0
2000200882,3,261
2000439038,1,104
2000243356,0,0
2001839984,3,555
2001157348,0,0
2001858804,0,0
2001817326,3,402
2001296748,0,0
2001249366,0,0
2000815910,10,120
2001233920,0,0
2001323598,0,0
2000517104,14,1666
2001974398,1,182
2000762910,1,117
2001408166,0,0
2001237668,0,0
2000658374,8,1288
2001992248,0,0
2000559040,1,193
2000771434,3,504
2001996720,5,1000
2001826294,0,0
2000569784,3,564
2000645608,11,1672
2000222738,0,0
2000988580,1,39
2000809184,0,0
2000424562,0,0
2000879538,1,87
2000612504,1,174
2000740920,0,0
2001902382,0,0
2000371420,0,0
2000388256,0,0
2001591556,0,0
2001341912,0,0
2001761902,2,82
2000493120,0,0
2001281052,0,0
2000684228,5,200
2000960356,1,132
2000735928,3,363
2001933174,0,0
2001763168,1,95
2000991544,0,0
2000316936,0,0
2000294778,2,386
2001638920,0,0
2001906022,1,34
2000763500,0,0
2001299738,1,53
2001116596,1,24
2000274354,1,169
2001598004,0,0
2000436722,1,54
2001181966,1,60
2001378494,0,0
2001236532,0,0
2000612900,5,205
2000248494,0,0
2001044320,0,0
2000419674,0,0
2001290226,0,0
2000715766,2,334
2001574804,0,0
2001717690,1,144
2001545930,1,13
2001320530,0,0
2001022794,0,0
2000432424,0,0
2000511424,0,0
2001321894,0,0
2001435044,0,0
2001681124,0,0
2001123950,0,0
2000290102,1,58
2000243496,0,0
2001463738,1,168
2000338924,0,0
2000230978,1,178
2001199712,1,64
2000330726,0,0
2001112910,1,199
2001075550,0,0
2000663126,1,110
2001113648,1,11
2000924886,2,46
2001467080,0,0
2001054442,2,100
2000958558,1,155
2001207262,0,0
2001733720,0,0
2000638190,6,396
2000776100,10,1580
2000408186,1,100
2000901600,0,0
2000500612,0,0
2000513836,2,36
2000290214,0,0
2001088524,0,0
2000500114,1,63
2001001560,1,132
2001046916,2,274
2000719624,1,56
2001817194,1,132
2001947620,2,238
2001994568,1,134
2001585284,1,49
2001721450,1,19
2000967416,0,0
2000538794,0,0
2000416730,2,256
2001074220,1,195
2001416570,0,0
2001725854,0,0
2000912116,1,160
2001267604,0,0
2000764092,1,18
2001621016,0,0
2000904614,0,0
2001233460,0,0
2001161788,1,52
2000998422,3,378
2001122368,3,546
2001707648,0,0
2000262172,0,0
2000320814,4,736
2000310660,1,176
2000647728,1,43
2030194034,6,396
2001886222,1,112
2001835608,0,0
2001821626,0,0
2001024232,69,9108
2001527814,1,149
2001616840,2,354
2000595136,1,118
2000560922,8,904
2000760970,1,173
2001862518,1,17
2000702992,7,1106
2001573930,0,0
2001713576,0,0
2001325704,0,0
2000825992,1,31
2000695372,0,0
2000529310,2,376
2000528852,5,135
2000998720,1,83
2001851934,1,13
2000454638,0,0
2000961416,1,83
2000657240,1,180
2001517152,1,184
2001199834,0,0
2000213498,0,0
2001290052,0,0
2001711122,2,280
2000375474,3,306
2001471832,2,28
2001930840,2,376
2001071618,1,66
2000768108,3,522
2001962982,0,0
2000711084,0,0
2001744526,0,0
2001091530,0,0
2001408560,0,0
2000675990,1,169
2001884652,4,64
2001593150,0,0
2001038194,6,756
2001578264,1,13
2001819150,1,129
2001041636,3,306
2000797806,3,390
2001009506,35,3570
2001018972,3,117
2000870728,0,0
2001175604,0,0
2000889810,0,0
2000647006,3,123
2001720314,1,50
2000243716,0,0
2001280146,0,0
2000524224,3,249
2000591546,2,68
2001074978,1,57
2000270576,2,168
2001081534,2,256
2001271940,0,0
2000410622,2,322
2000515570,1,104
2001816344,2,150
2000245522,1,46
2000472322,0,0
2000997406,0,0
2000422604,1,85
2001382082,0,0
2000704080,1,64
2000872354,2,284
2001279930,0,0
2001902088,1,98
2000311670,0,0
2001205094,0,0
2001374554,0,0
2000640800,6,1134
2001319758,0,0
2000321480,1,12
2000545190,2,94
2007001238,0,0
2001054114,2,150
2000961572,0,0
2000992340,0,0
2001300628,0,0
2001341984,0,0
2000613152,9,1089
2000601940,0,0
2000479664,1,47
2000904418,0,0
2001554122,0,0
2001592680,2,84
2000627416,5,765
2001954066,1,69
2001050176,33,4059
2000903656,2,146
2000954838,1,144
2000243320,1,47
2000394464,1,66
2001086412,2,356
2000865236,0,0
2001839210,0,0
2001758760,1,92
2000687426,7,133
2001339892,0,0
2001549766,1,27
2001406768,0,0
2001558840,0,0
2000356368,0,0
2000503298,1,141
2000545938,2,180
2000970244,2,376
2001123214,1,105
2001513260,0,0
2001799524,0,0
2000484028,1,183
2000693846,1,123
2001845538,1,39
2000258668,2,140
2000830466,1,183
2001934770,1,51
2001775590,3,399
2000688658,2,46
2001381696,0,0
2001953356,2,72
2000236038,5,870
2000867012,0,0
2001709328,1,53
2001178156,1,72
2001101884,1,59
2000675910,1,161
2000981172,0,0
2000361636,1,196
2001112724,1,166
2001931376,1,145
2000416114,3,63
2001179000,0,0
2001499682,0,0
2000382884,0,0
2000330954,0,0
2000858288,0,0
2000467502,0,0
2001839512,0,0
2001931312,4,496
2000659452,2,376
2000332954,0,0
2000914132,2,212
2000992748,0,0
2000356578,1,118
2000764928,2,396
2001816340,2,386
2001656790,1,77
2001188814,2,298
2001916102,2,102
2001413392,0,0
2001354240,0,0
2000969284,2,392
2001156310,2,252
2000742926,1,102
2001140546,2,304
2000740744,0,0
2001951854,8,744
2000688514,1,87
2000755566,1,74
2001411856,0,0
2001553226,1,190
2000390002,2,304
2001668100,2,22
2000521806,1,48
2000311992,0,0
2001747876,0,0
2001139350,0,0
2001384218,0,0
2000582428,1,173
2001793230,0,0
2001125572,1,75
2001908178,0,0
2001511632,1,73
2001375912,0,0
2000290326,2,58
2000871768,0,0
2001643532,0,0
2001707432,0,0
2000660988,0,0
2001709460,2,78
2000751328,1,80
2000735076,13,858
2001011820,8,528
2001003870,0,0
2000962496,1,24
2001740174,1,78
2001756470,0,0
2001586798,0,0
2000477048,2,302
2000416154,3,363
2001828018,3,285
2001608434,0,0
2001009712,27,1566
2001376506,0,0
2000463936,4,280
2001223430,0,0
2001965514,1,57
2000994626,0,0
2000400464,0,0
2000584888,0,0
2001819768,6,168
2000642932,6,234
2000432794,3,273
2000325334,1,69
2001289900,0,0
2001040402,4,552
2001017942,0,0
2001025178,21,2373
2000504434,1,184
2001975146,0,0
2000881244,2,318
2001309404,0,0
2000442936,0,0
2000929310,0,0
2001058500,1,92
2000863940,4,364
2000944466,1,196
2000580168,1,77
2000237038,1,73
2000348762,0,0
2000210500,5,185
2001685670,0,0
2000998238,2,96
2000845292,1,72
2001229780,0,0
2000792818,1,99
2001936956,1,80
2001040082,9,1530
2001992718,0,0
2001054478,1,41
2000410006,0,0
2001012422,13,2600
2000429040,0,0
2001659454,1,53
2000609952,0,0
2000400804,0,0
2000321362,1,58
2001761532,0,0
2015434982,4,164
2001617090,3,348
2001875204,1,135
2000803662,13,598
2001349380,0,0
2000377614,1,168
2000822422,1,190
2000771528,3,579
2000900122,2,348
2001471308,0,0
2000788738,0,0
2000656704,1,55
2001921362,0,0
2000735238,3,231
2001885654,1,82
2001669464,0,0
2001447446,0,0
2000572272,5,700
2001914700,0,0
2001524946,0,0
2001098808,0,0
2000857988,0,0
2000238850,1,139
2001180788,2,384
2000494788,2,174
2001128432,2,320
2001594200,0,0
2001800180,1,162
2000433842,1,152
2001405108,0,0
2001548662,0,0
2001463806,1,93
2001764664,0,0
2001546194,2,138
2000854548,1,112
2000315312,0,0
2000294812,1,114
2001088210,0,0
2001822704,1,38
2001139754,0,0
2000755266,2,164
2001776410,5,925
2001626224,1,29
2000675930,1,134
2001225398,0,0
2001030696,1,106
2001205250,0,0
2001190166,0,0
2001870584,0,0
2000283068,2,80
2000602984,5,505
2001190444,0,0
2001438062,3,276
2000999824,1,79
2000911704,1,132
2000557134,8,1576
2000316848,1,147
2000394018,2,28
2000561724,4,796
2001207790,0,0
2000359132,0,0
2001071064,1,170
2001474212,1,158
2001626314,0,0
2000351808,1,102
2000958900,0,0
2000266738,2,224
2000942176,0,0
2001755520,1,118
2001551444,0,0
2000484210,1,97
2001069346,0,0
2001065056,1,123
2001343382,0,0
2001548730,0,0
2000336148,3,147
2000943416,4,484
2000853790,2,310
2000917108,1,58
2001063792,5,550
2001987674,0,0
2001150516,0,0
2000894116,2,26
2001043668,1,121
2000849410,0,0
2000941024,1,130
2001600260,1,137
2001786026,11,1650
2001731400,1,89
2001221880,0,0
2001991742,0,0
2001908462,7,1260
2001518274,0,0
2000784764,0,0
2000650566,0,0
2000915866,1,168
2001815226,0,0
2001648004,2,360
2000507694,0,0
2001686364,3,222
2001790236,1,196
2001181982,1,174
2000492668,0,0
2001787080,3,150
2001912074,1,38
2001411636,0,0
2001881810,1,88
2001269708,0,0
2001428878,0,0
2001340140,0,0
2000859118,5,655
2001920804,1,198
2001030884,0,0
2000991708,1,14
2001589622,0,0
2000411470,0,0
2001653696,0,0
2000876656,2,76
2000381984,1,34
2000916026,0,0
2000963844,0,0
2001220242,0,0
2000349264,0,0
2000365088,1,92
2000551604,1,61
2000471188,0,0
2000785440,4,576
2000724060,0,0
2000498792,2,114
2000969832,3,168
2000364530,1,48
2001745080,2,90
2001274066,0,0
2001867504,2,44
2001800072,3,405
2001096992,1,156
2001690442,4,296
2001184236,3,375
2000349390,2,308
2000301874,2,220
2000724718,0,0
2001468444,0,0
2001838446,2,138
2000867916,0,0
2001519856,0,0
2000689068,0,0
2001265952,0,0
2000696804,1,123
2000549906,3,357
2000804762,3,285
2001237628,0,0
2000487538,1,111
2000208338,1,43
2000708268,0,0
2000534792,1,98
2000460810,1,18
2001368838,0,0
2001838042,2,210
2001091690,0,0
2001641198,1,193
2000630888,1,153
2001543140,2,304
2000304912,2,240
2001592764,3,591
2000274114,2,260
2000623194,1,66
2000281844,0,0
2001229922,0,0
2000917710,4,372
2001075492,0,0
2001689214,0,0
2001905496,0,0
2000604276,6,126
2001535962,2,298
2000245746,0,0
2000699926,2,270
2001572942,2,306
2001492012,0,0
2001039332,6,1062
2000690182,4,92
2000771690,1,156
2001939706,1,75
2000834354,2,200
2000676610,2,358
2001204066,0,0
2000381310,4,576
2001198072,3,369
2001508896,0,0
2000859920,1,43
2001867380,2,348
2000229636,1,80
2001279282,1,191
2001301546,0,0
2001678460,0,0
2001932368,1,102
2001431426,0,0
2001640116,0,0
2000623396,1,18
2001026032,12,840
2000494520,1,126
2001634900,0,0
2001976174,0,0
2001190538,1,195
2001349048,0,0
2000814566,8,728
2001137208,2,378
2001688740,0,0
2000285928,0,0
2001775556,0,0
2001255760,0,0
2001879954,4,220
2000710336,0,0
2000466546,0,0
2000499948,1,184
2000734956,4,676
2000382630,0,0
2001273456,0,0
2000866150,1,39
2001301042,0,0
2001928580,0,0
2000506462,1,51
2001436282,0,0
2000386910,0,0
2000640520,0,0
2001603272,0,0
2001373536,0,0
2001698844,0,0
2001414108,0,0
2001986978,1,60
2000864726,1,183
2001936954,4,152
2000685458,3,249
2001721466,0,0
2000421616,1,121
2000990290,1,116
2000207074,0,0
2000353280,3,132
2000552540,1,194
2001631140,1,145
2001798270,2,190
2001682424,2,72
2001766784,2,158
2001084970,0,0
2000983370,0,0
2001431124,0,0
2001480436,0,0
2001403248,0,0
2000451102,1,94
2001902546,1,46
2000984792,1,75
2000686884,1,185
2001782572,1,153
2000543280,1,102
2001815654,5,150
2001566686,1,103
2001696802,0,0
2001967682,6,1026
2000800168,0,0
2000510912,1,173
2001734408,1,182
2001436452,0,0
2000857732,0,0
2001259476,0,0
2001484514,0,0
2001498724,1,20
2000430346,3,534
2000978872,0,0
2001674038,1,50
2000857654,1,184
2001640824,1,152
2000899898,2,296
2000587318,1,116
2000663132,1,194
2000406624,3,249
2001530776,0,0
2000664274,2,308
2001576958,0,0
2000529986,1,121
2000587704,1,181
2000612826,0,0
2001428308,0,0
2001662992,0,0
2000443706,0,0
2000822014,1,171
2001898402,1,26
2001934014,4,384
2001569500,1,20
2001978774,0,0
2000692324,1,64
2000738734,1,12
2001689060,0,0
2000410022,0,0
2001423256,0,0
2001356818,0,0
2001403312,0,0
2000344510,0,0
2000278892,0,0
2000752216,1,82
2000462794,0,0
2001539710,1,184
2000603756,1,18
2000817214,7,644
2001389946,0,0
2000615652,8,1000
2000880146,0,0
2001016286,1,30
2000247132,0,0
2000470104,0,0
2001769104,1,117
2000319808,3,48
2001211428,0,0
2000351454,1,76
2001799714,4,552
2000380938,2,178
2001943570,0,0
2001425420,0,0
2000947402,2,220
2000325308,1,114
2000258328,3,372
2000343330,2,60
2000598512,0,0
2001995480,0,0
2001726382,0,0
2001752394,0,0
2000477384,4,340
2001876164,0,0
2000782240,4,768
2001611370,2,86
2000511338,0,0
2000885466,0,0
2001864690,3,468
2001415662,0,0
2001710088,0,0
2001484494,0,0
2000222508,0,0
2000978864,1,102
2001973262,6,924
2001393504,0,0
2000845052,0,0
2000280410,0,0
2000630956,5,740
2001044770,0,0
2000452248,6,1026
2001191140,2,280
2001626050,2,192
2001125046,2,86
2001540440,0,0
2001928298,1,191
2001408070,0,0
2000248316,1,79
2000823230,0,0
2000890044,0,0
2000740530,0,0
2001911624,2,394
2001062318,1,194
2001952098,4,528
2001270234,0,0
2000207028,0,0
2000547188,1,87
2000379614,0,0
2000928930,1,197
2001733086,0,0
2001327480,0,0
2000482834,5,505
2001699604,0,0
2000365770,0,0
2000571532,0,0
2000360166,2,304
2001212360,0,0
2001354230,0,0
2001817230,1,137
2000316272,1,117
2000403882,0,0
2000578988,2,286
2001515392,2,300
2001034678,1,150
2001549434,1,139
2000678196,0,0
2000419066,1,111
2001491062,2,86
2001208450,0,0
2000535954,0,0
2000975004,1,50
2000684412,8,432
2000256030,2,108
2001168096,0,0
2001279878,0,0
2000320854,3,345
2001041746,2,264
2001511602,2,386
2001925674,1,186
2000998604,2,72
2000682128,0,0
2000895560,1,24
2000498082,0,0
2001125566,1,156
2001172902,1,39
2000839546,0,0
2001006698,1,89
2001921858,0,0
2001433380,2,130
2000595632,1,13
2001314144,0,0
2001336302,0,0
2001654942,0,0
2001513370,0,0
2001904384,0,0
2001126934,0,0
2001958574,1,155
2001281724,0,0
2001901672,1,69
2000358158,1,66
2001140116,2,192
2001347378,0,0
2001407088,0,0
2001158464,0,0
2000671286,7,1043
2001692554,1,31
2001375686,0,0
2000541574,0,0
2000938790,3,84
2001066810,0,0
2000304858,1,85
2001489246,0,0
2001997772,1,117
2000758474,0,0
2000807726,1,135
2001699844,0,0
2001206704,0,0
2001040058,12,2208
2001656058,1,66
2001217384,0,0
2000297462,4,304
2000942236,0,0
2000451484,0,0
2001694710,1,124
2001456686,0,0
2001817574,9,1107
2001062172,1,26
2000927478,3,510
2000266760,4,344
2001621272,1,195
2001296254,0,0
2000516790,8,888
2001371304,0,0
2000567966,1,164
2000595078,2,80
2001547638,1,42
2001942150,0,0
2000980444,2,292
2000660080,2,166
2000927202,0,0
2000693784,1,162
2001789700,2,298
2000563674,1,60
2001840558,3,48
2000579394,2,290
2001102718,0,0
2001309372,0,0
2001706000,0,0
2000682582,1,200
2000213382,0,0
2001800102,3,60
2001887980,0,0
2001551852,0,0
2001253066,0,0
2000493838,0,0
2001776110,6,222
2001936788,6,294
2001594536,0,0
2001542138,1,165
2001915078,0,0
2000952430,3,297
2001982622,1,32
2001773632,4,796
2000638760,1,62
2000223406,2,202
2001439084,0,0
2000870074,1,177
2000535510,0,0
2000483274,1,188
2000357506,1,120
2000989446,0,0
2000622716,1,163
2001698468,1,113
2001675452,2,90
2001591784,0,0
2001092464,3,594
2001788756,11,1815
2001114254,2,26
2001117456,0,0
2001890238,0,0
2001691262,1,97
2000600484,3,222
2000992304,0,0
2000545422,1,61
2001769218,0,0
2001182370,0,0
2001749500,0,0
2001704398,2,32
2017543418,2,96
2000583138,1,186
2000949236,0,0
2001911944,1,144
2000774870,0,0
2001266366,0,0
2001703992,1,60
2000394428,2,314
2000271254,1,186
2001498118,1,37
2000355444,1,113
2001073218,0,0
2001314518,0,0
2000803040,6,822
2000264004,3,351
2001505842,2,72
2000274826,0,0
2000649566,1,75
2000542394,2,104
2001636892,2,54
2000664152,0,0
2000597796,1,65
2000346762,1,104
2001554728,0,0
2001586824,0,0
2000414804,1,96
2001139964,0,0
2001862786,1,161
2001180384,0,0
2001717230,1,116
2001395944,0,0
2001988668,2,174
2001845480,2,308
2001852156,1,104
2000234436,0,0
2001325414,0,0
2001822032,1,34
2000934502,1,59
2000466434,1,106
2001806622,3,84
2000814572,7,910
2001527806,2,332
2001099134,1,134
2001858104,2,386
2000327480,1,69
2001139060,0,0
2001842192,1,69
2001591906,0,0
2000290250,0,0
2000540272,0,0
2000321438,1,32
2000816510,4,116
2001156524,1,94
2001418936,0,0
2000488344,1,67
2000638808,1,73
2000605402,1,78
2001913104,1,18
2001115342,0,0
2001418150,0,0
2000301124,0,0
2000597924,0,0
2001862450,2,330
2001838508,0,0
2001836506,3,210
2001456646,0,0
2000791408,5,955
2001800818,1,62
2001176284,0,0
2001051454,7,1141
2000718016,5,530
2000221938,0,0
2000536616,0,0
2001343054,0,0
2001433666,2,232
2000638600,3,147
2000946854,3,183
2001135140,0,0
2001474356,1,67
2000777318,8,200
2000411192,1,62
2000315416,0,0
2000984352,4,444
2000956434,4,152
2001030964,1,192
2001777950,1,126
2001634976,0,0
2001644408,0,0
2000524480,5,460
2001637720,0,0
2001096934,0,0
2001201504,0,0
2000809994,2,370
2001945120,1,167
2000667374,1,36
2001962494,2,184
2001124312,0,0
2001983236,0,0
2001997992,2,200
2001087892,1,97
2000580834,1,133
2000303384,0,0
2000646460,3,411
2000474094,0,0
2001875968,1,39
2000692716,1,182
2001893332,0,0
2000241404,0,0
2000257578,0,0
2000623160,1,21
2001711786,1,159
2000788236,1,39
2001814064,1,168
2001120914,1,30
2000899046,1,83
2000651418,2,272
2000614432,3,216
2001301668,0,0
2000347266,1,73
2001449882,0,0
2000205614,0,0
2000529942,2,280
2000342090,0,0
2000786268,1,92
2000252154,1,29
2000611658,1,19
2001808304,0,0
2001728320,2,136
2001125712,1,142
2001873960,2,318
2001953968,1,37
2001349810,0,0
2000957640,1,56
2001941530,0,0
2000415762,0,0
2001658654,0,0
2001444448,0,0
2000739460,0,0
2001411758,0,0
2001172224,1,124
2001052002,8,400
2001040530,4,408
2001814362,0,0
2001312764,0,0
2000772126,1,102
2001210704,0,0
2000709792,3,345
2001698562,0,0
2000786660,1,187
2000511368,0,0
2000423326,1,92
2001087812,1,140
2001427040,0,0
2000598280,0,0
2000547092,1,85
2000651438,2,110
2001248382,0,0
2001569572,0,0
2000308444,0,0
2001849888,1,178
2001141638,1,121
2000714344,3,183
2001311880,0,0
2001064672,1,47
2000877824,3,438
2001084610,1,59
2000441090,0,0
2000843088,1,70
2001836824,2,114
2000395006,0,0
2001382622,0,0
2001972024,2,114
2001758106,0,0
2000578354,5,510
2000454692,0,0
2001628752,1,193
2001265176,0,0
2000221594,1,181
2000575110,1,25
2000776498,6,888
2001615638,1,53
2001581580,1,53
2000883954,0,0
2001465602,0,0
2000215742,0,0
2001803976,2,290
2001048694,0,0
2001593780,0,0
2000815866,23,1012
2001676402,0,0
2001634042,2,318
2000968126,0,0
2001622246,0,0
2001536744,0,0
2000946394,1,160
2000993468,2,232
2001462718,2,392
2001279714,0,0
2001858702,0,0
2001088202,0,0
2000593522,16,784
2001323138,0,0
2001142326,2,338
2000762022,0,0
2000442292,3,561
2000604208,6,354
2001273252,0,0
2000986474,1,145
2001107690,0,0
2001716546,3,522
2000231852,0,0
2001473112,1,124
2000526986,0,0
2000533500,7,994
2000596832,1,190
2000396678,0,0
2001060608,0,0
2000488736,0,0
2001290024,0,0
2001772520,2,26
2001304732,0,0
2001885204,1,31
2001959542,0,0
2000572208,0,0
2001085180,0,0
2000468676,0,0
2000767566,0,0
2001693052,1,73
2000521614,1,94
2000207820,2,108
2000860674,1,138
2000284744,1,198
2001387606,0,0
2000944890,1,28
2001326256,0,0
2000281152,0,0
2001494628,1,55
2001700410,1,42
2000246626,1,85
2000932586,0,0
2001880188,2,374
2000649090,1,82
2000696778,1,157
2001387428,0,0
2001612668,1,186
2001355454,0,0
2000621612,1,51
2001061908,1,14
2001090254,2,264
2000460942,0,0
2001016968,1,152
2001052162,18,1548
2000294562,3,339
2001650496,0,0
2001559202,0,0
2000914846,3,465
2001468138,0,0
2000654860,0,0
2001355052,0,0
2001319612,0,0
2001486170,0,0
2000473736,0,0
2000389740,5,455
2001388536,0,0
2000670784,0,0
2000411474,0,0
2000938382,1,134
2001311544,0,0
2000688630,2,248
2000784626,0,0
2001933266,0,0
2001125632,1,199
2000337044,1,62
2000411410,1,70
2000392802,0,0
2001467428,0,0
2001988320,2,50
2001125020,0,0
2001737844,0,0
2001450532,0,0
2001680468,0,0
2000764800,0,0
2000709762,2,378
2001580924,1,33
2001564106,0,0
2000244434,0,0
2001037360,15,2730
2001265720,0,0
2001911574,5,740
2001694608,1,164
2000428194,0,0
2001040372,4,72
2001255994,0,0
2000643564,3,105
2001578952,1,168
2000238010,1,43
2001979938,0,0
2000376386,2,336
2001687818,2,234
2000893808,0,0
2000396152,1,120
2001653428,1,10
2001228654,0,0
2001926318,4,496
2001325172,0,0
2000548798,0,0
2001093664,1,173
2000665126,2,92
2001059974,1,175
2000681778,1,130
2000531782,3,249
2000344298,1,16
2001244264,0,0
2000547030,1,167
2000933584,0,0
2001303424,0,0
2000425296,0,0
2000600740,1,37
2001798512,0,0
2001699200,0,0
2001786190,4,292
2000602152,0,0
2001673894,0,0
2000531592,2,260
2001726008,0,0
2001436756,0,0
2001533574,0,0
2001834846,1,84
2000650684,0,0
2001923008,3,444
2001128086,1,10
2001798862,0,0
2001928536,0,0
2001603362,0,0
2001596802,3,216
2000312656,1,87
2000518662,2,54
2001947240,0,0
2000834016,3,48
2001906176,3,42
2000727358,1,90
2000767720,3,516
2001173242,1,131
2001141834,0,0
2001543842,0,0
2000790342,13,533
2000426878,1,83
2001240080,0,0
2001438628,0,0
2000534482,1,133
2000211332,4,304
2000776804,8,1192
2000975190,1,198
2001412852,1,28
2001313062,0,0
2001366280,0,0
2000949050,0,0
2001893346,0,0
2001760026,0,0
2000980126,0,0
2001817664,3,585
2001361352,0,0
2001897800,2,382
2001785464,9,1800
2000423868,0,0
2000224082,1,62
2001232516,0,0
2000849856,1,134
2000312600,0,0
2000287464,3,129
2000487208,1,58
2001478316,1,192
2001149918,1,144
2000498980,3,252
2000912576,1,38
2001166320,1,104
2001885440,1,200
2000464838,3,312
2001228086,0,0
2000282316,0,0
2001360574,0,0
2001769838,0,0
2000239590,1,137
2001427044,0,0
2001240196,0,0
2001618484,1,169
2000678748,0,0
2000386462,1,143
2000278182,1,72
2000361908,0,0
2000941258,0,0
2000399444,0,0
2001434824,1,130
2001437190,1,117
2000519120,1,48
2000308442,1,25
2001218644,0,0
2001870686,0,0
2001501170,0,0
2001901620,1,53
2001188556,1,38
2001194498,3,30
2000248824,1,18
2001113934,0,0
2000677414,1,122
2001794136,0,0
2001912414,1,151
2000819960,1,178
2001963992,1,192
2001621802,1,85
2001062874,0,0
2000637662,0,0
2001242210,0,0
2000856808,1,16
2000811752,0,0
2001155100,0,0
2001145422,0,0
2001849008,1,189
2000487442,1,102
2001255006,0,0
2001882256,1,159
2001547732,1,146
2001197946,1,54
2000983868,3,597
2000608182,2,36
2000955426,0,0
2000445774,2,256
2001880918,1,92
2000310074,2,118
2000427144,0,0
2000263138,1,168
2001915068,0,0
2001240288,0,0
2000678990,0,0
2001861412,0,0
2000435272,1,21
2001473392,1,112
2001772576,1,188
2001153010,1,171
2000888050,1,113
2001320382,0,0
2001034264,2,288
2000404804,0,0
2001748768,1,156
2000291578,1,62
2001831804,4,128
2000401032,2,334
2000382040,1,93
2000737688,1,158
2000659250,1,116
2001149038,3,429
2001814330,0,0
2001878658,3,456
2000687700,12,1908
2001695930,0,0
2001024410,12,360
2001156580,0,0
2001706022,0,0
2000824554,1,37
2001526872,1,111
2001856606,0,0
2001584622,1,16
2000766770,1,107
2000301740,1,48
2001225820,0,0
2000975526,0,0
2000313472,2,162
2000773040,0,0
2000239190,5,470
2001744010,0,0
2000329638,0,0
2000234092,1,72
2000319316,1,99
2001233130,0,0
2001064514,1,180
2001696222,0,0
2001485858,0,0
2000773102,0,0
2000378542,0,0
2001036384,0,0
2000441912,2,256
2001746216,1,148
2000810604,1,91
2001879724,7,1288
2001273000,0,0
2000647884,1,176
2000388534,3,474
2000416942,1,79
2001397556,0,0
2001196616,1,90
2000694830,1,101
2001411396,0,0
2000448122,1,15
2001731754,0,0
2000458088,0,0
2000639750,1,19
2001221190,0,0
2001399618,0,0
2001893594,0,0
2001096062,1,81
2001424314,0,0
2000792892,1,194
2001944446,0,0
2000928002,2,306
2000623006,4,684
2000271408,0,0
2000987446,4,612
2001077134,3,405
2001318410,0,0
2000924052,0,0
2001183808,5,640
2000305704,1,123
2000432696,2,372
2001155864,1,192
2001416512,0,0
2001183064,0,0
2000551612,1,35
2001858486,1,180
2001478826,1,78
2001336186,0,0
2001204022,0,0
2000364226,3,396
2001543536,1,101
2001989118,1,86
2000380694,0,0
2001358182,0,0
2001369306,0,0
2001631002,0,0
2000635558,1,125
2000864582,1,26
2000481568,0,0
2000606534,1,112
2001886364,1,140
2000377682,1,173
2000338554,0,0
2001377498,0,0
2000884080,0,0
2001370086,0,0
2001121370,1,50
2001198462,1,109
2000500942,0,0
2001045706,2,114
2001919274,3,144
2001126764,1,99
2000400680,0,0
2001831462,4,476
2001353448,0,0
2001429452,0,0
2000555560,1,185
2001518508,1,171
2000842384,0,0
2001501718,0,0
2001004988,2,138
2000617356,3,264
2001840910,1,200
2000355462,2,50
2000679732,1,78
2000417696,1,13
2001466254,0,0
2001780870,0,0
2001788614,5,645
2001299584,0,0
2000519086,1,98
2001142798,0,0
2001312598,0,0
2000700428,3,120
2001648600,0,0
2001683704,0,0
2001317378,0,0
2001692502,1,184
2000243500,0,0
2001302670,0,0
2001577568,2,362
2001625764,1,95
2001825780,0,0
2001503166,1,170
2001597942,1,173
2001498424,2,208
2000382312,1,66
2001487596,0,0
2001654834,0,0
2000538496,2,140
2000248496,1,107
2000208532,1,46
2001456190,2,30
2000942642,3,600
2001415044,0,0
2000375590,1,95
2000703702,1,36
2000687502,7,161
2000874108,1,198
2001585272,1,98
2000746212,2,136
2001594188,1,165
2001466846,1,10
2001722598,0,0
2001627692,0,0
2001123898,1,35
2001009788,19,741
2001014266,4,116
2001668458,1,118
2001706690,1,105
2000713026,0,0
2000618238,8,1272
2001313346,0,0
2000940958,1,195
2000991610,0,0
2000385230,1,121
2001309100,0,0
2000595854,8,800
2001988846,2,92
2001155344,1,122
2000880744,0,0
2001992268,0,0
2001284834,0,0
2001036106,0,0
2000423340,2,388
2000922412,0,0
2000437248,1,24
2000990576,0,0
2001632860,0,0
2000650882,0,0
2001763298,0,0
2001902534,6,516
2000334320,0,0
2000546642,4,604
2001912724,7,1120
2000547382,0,0
2000265864,2,296
2000880008,0,0
2000344232,0,0
2000947556,1,181
2001380838,0,0
2000513458,11,1518
2001720964,1,127
2000420364,1,35
2000866812,0,0
2000318432,1,184
2000335902,2,108
2001707654,0,0
2000945884,0,0
2001729908,0,0
2001011308,5,690
2001653008,1,136
2000746550,1,142
2001733824,1,138
2000848702,0,0
2001152514,3,483
2000535960,0,0
2001348548,0,0
2001096684,1,112
2001725244,1,130
2000239166,2,228
2001465080,0,0
2001515712,1,68
2001118788,2,394
2000461352,0,0
2001899038,1,36
2000721854,1,13
2000204244,2,220
2000804654,3,459
2000666746,1,143
2000288376,3,153
2000341798,1,105
2000302642,0,0
2001020496,1,44
2000328616,2,178
2000735232,5,590
2001695330,1,166
2001419784,0,0
2001688564,0,0
2001192144,0,0
2001142996,0,0
2001698262,1,65
2000838904,0,0
2000385346,1,126
2001907592,0,0
2001967574,6,750
2001189642,0,0
2001315538,0,0
2001623994,0,0
2001907276,1,59
2001410698,0,0
2001772876,0,0
2000317992,2,268
2001946506,1,14
2000248760,0,0
2000657246,1,82
2001070210,2,252
2000569304,1,14
2001847402,12,240
2000926482,1,41
2001772810,0,0
2001246848,0,0
2000207056,0,0
2000957702,1,67
2000423546,1,110
2000248838,0,0
2000936926,0,0
2001226484,0,0
2000685786,1,51
2001324282,0,0
2001508250,1,191
2001453160,0,0
2001006438,1,150
2001622124,0,0
2000787786,1,37
2001443888,0,0
2001773428,0,0
2000966072,2,146
2001451034,1,197
2001224150,0,0
2001151898,2,208
2001444568,1,93
2001052308,3,501
2001442120,1,70
2000207076,3,378
2000528070,11,2002
2001439070,0,0
2001903128,3,285
2001481170,2,232
2000778510,18,414
2001445254,1,33
2001661012,0,0
2000610188,0,0
2001165056,1,99
2000426536,3,240
2000961064,1,166
2001461230,0,0
2000520582,2,24
2001809960,1,189
2000413652,4,660
2001417310,0,0
2001911598,3,447
2001380886,0,0
2000883032,0,0
2000562952,2,376
2001070352,2,54
2000565668,2,38
2000481592,2,188
2001390808,0,0
2001618668,1,198
2001148246,0,0
2001759468,2,336
2000569668,2,134
2000245410,3,498
2000683326,0,0
2001842418,0,0
2001263532,0,0
2000625160,0,0
2001206168,0,0
2000598556,1,102
2000312648,0,0
2001213234,0,0
2000407818,1,190
2000489148,1,87
2001987438,1,127
2000562056,3,42
2001513238,1,115
2001184748,1,113
2001559438,0,0
2000357800,1,97
2000417288,1,116
2000413040,4,64
2000833324,0,0
2001798466,0,0
2001583588,0,0
2001798420,0,0
2001657986,0,0
2001496648,1,43
2001019566,3,336
2000303490,0,0
2001491946,1,147
2000603118,1,123
2001468606,1,74
2000479628,1,73
2001244100,0,0
2001334848,0,0
2000747340,1,120
2000225492,2,384
2000604058,1,136
2000485908,3,591
2001772658,0,0
2000332542,1,60
2001336622,0,0
2001926248,0,0
2000634280,4,464
2000463688,0,0
2001951494,0,0
2000664142,1,51
2000265702,0,0
2001945486,1,106
2000455444,1,120
2000604692,2,150
2001440252,0,0
2001135050,1,169
2000444636,0,0
2000612182,1,83
2000798586,0,0
2001411994,0,0
2000549446,2,56
2001491282,1,92
2000924738,0,0
2001018804,0,0
2001099764,0,0
2001473766,0,0
2001142280,1,139
2000335108,1,39
2000241838,0,0
2001733024,0,0
2001091998,0,0
2000370244,1,193
2001975126,0,0
2001947018,0,0
2001963764,0,0
2001918856,0,0
2000617416,2,282
2000416330,3,492
2000337198,1,66
2000655464,7,364
2000758892,1,71
2001507764,0,0
2001420060,0,0
2001105258,1,125
2000908396,1,160
2000678176,1,66
2000696422,3,207
2001537948,0,0
2001348118,0,0
2001364060,0,0
2001572978,1,162
2001052642,6,72
2000772128,1,11
2000404722,0,0
2001980426,4,104
2001889324,0,0
2001301250,0,0
2001029134,7,1309
2000824058,2,348
2000478482,0,0
2000963044,0,0
2000240654,1,35
2000736290,4,632
2001252868,0,0
2000424084,1,44
2001319466,0,0
2001021302,1,37
2001384676,0,0
2001921180,1,187
2001673016,0,0
2000856652,0,0
2001897388,5,685
2000503180,1,34
2001978076,1,103
2001029826,1,24
2000971932,1,104
2000255234,1,117
2000381704,2,254
2000589300,8,832
2001456356,1,179
2000698330,0,0
2001143426,1,63
2001450542,0,0
2000429690,0,0
2001455160,1,130
2001881936,1,172
2001652998,1,123
2001073040,0,0
2001821814,0,0
2001003514,1,81
2000784350,1,11
2001595930,2,258
2001357974,0,0
2001067142,1,51
2001211662,0,0
2001413990,0,0
2000980982,1,68
2000645310,1,160
2001990060,0,0
2001616150,0,0
2000292140,0,0
2001410340,0,0
2001383314,0,0
2001940542,1,66
2001874542,2,388
2001992480,2,30
2000852400,1,14
2000532596,1,27
2000257328,0,0
2000531224,20,2880
2000261616,0,0
2000274304,1,80
2000522078,1,184
2000250152,2,168
2001947058,0,0
2001957414,3,222
2001454120,0,0
2001164904,2,108
2001101650,3,108
2001048464,0,0
2000396376,0,0
2001543422,0,0
2000547074,1,120
2000385812,1,137
2001486350,1,129
2001604830,3,372
2001219258,0,0
2001848264,2,242
2000523496,1,57
2001050408,27,3753
2000931006,2,384
2001933948,5,90
2001099638,0,0
2000935852,2,244
2001647476,3,69
2000968636,0,0
2000229408,2,50
2000962846,1,79
2001739208,1,191
2001026476,8,1424
2000788400,0,0
2000443978,0,0
2000304448,0,0
2000893272,1,110
2001930022,0,0
2000857668,1,131
2001244298,0,0
2001205988,0,0
2000743504,1,200
2001746480,1,156
2000944216,2,82
2001974606,1,187
2000869338,2,22
2001949112,7,1169
2001634448,1,28
2001597232,1,56
2001250754,0,0
2001489352,0,0
2001937360,1,166
2001597932,0,0
2001788426,8,368
2000763244,1,101
2001318976,0,0
2001582814,1,15
2000717762,0,0
2001640100,0,0
2000248018,1,142
2001588146,2,76
2001675482,1,20
2000764564,0,0
2000798008,2,314
2001550458,0,0
2001034164,1,147
2001934706,1,58
2000875036,1,39
2000803198,8,872
2000202452,0,0
2000713494,4,296
2000338822,0,0
2000491276,0,0
2000991326,0,0
2001745794,3,264
2000332006,2,98
2001362008,0,0
2001964242,0,0
2000737356,8,840
2001747014,0,0
2000794616,0,0
2001412714,0,0
2000631216,11,1353
2000615434,5,785
2001000360,0,0
2000851724,1,165
2001404250,0,0
2000925006,4,376
2001051090,6,198
2001428822,0,0
2001346982,0,0
2001924556,1,163
2000671968,4,88
2001779702,3,420
2000388474,0,0
2000563200,1,146
2001305702,0,0
2001121314,0,0
2000422416,0,0
2001136664,0,0
2000994484,1,95
2001814178,0,0
2001585378,1,182
2000654928,0,0
2001977424,0,0
2001019600,1,45
2000219012,0,0
2000509496,2,206
2000391738,1,59
2001837194,3,591
2000404680,1,11
2000836020,1,185
2001366136,0,0
2000583396,1,103
2000686454,1,57
2001617964,1,96
2000603940,1,155
2001953910,2,350
2000204192,1,194
2000489476,1,186
2000570584,1,118
2000633438,2,22
2000383146,0,0
2000448018,1,107
2000907392,1,21
2000743742,0,0
2001437172,0,0
2001606222,0,0
2001696380,0,0
2000354964,3,498
2000243986,0,0
2001815916,6,252
2000789148,67,6432
2000341526,1,40
2001864526,4,160
2001217854,0,0
2000323546,5,790
2001936188,8,1576
2000318916,1,119
2000939312,1,190
2001731104,3,177
2000401240,2,204
2000814098,42,7098
2001292200,0,0
2001710918,0,0
2000754640,1,187
2000358506,0,0
2000537850,2,100
2001843972,5,995
2001677098,0,0
2001267246,0,0
2001319416,0,0
2000506384,1,164
2000761394,0,0
2000592576,1,28
2001163214,1,77
2000729204,7,252
2000605980,1,11
2001495246,2,164
2001784362,0,0
2000226594,2,382
2001532738,1,135
2001147548,0,0
2000713806,7,735
2001963422,1,62
2000740498,0,0
2000436370,0,0
2001851374,1,50
2001033490,0,0
2000421560,1,52
2000244646,1,47
2001452900,1,119
2001920466,2,40
2001664992,0,0
2001789696,2,116
2000755872,0,0
2001142718,1,23
2000950382,1,163
2000629638,1,173
2001827848,4,540
2001247338,0,0
2000243956,0,0
2001681726,1,172
2001055974,1,22
2001121548,0,0
2001748506,3,576
2001429210,0,0
2000327422,1,47
2001658452,0,0
2001115106,1,88
2001359254,0,0
2000811666,0,0
2000959218,0,0
2000963384,0,0
2001734522,0,0
2001658978,0,0
2000904072,0,0
2001968680,2,368
2001780804,1,188
2001188726,2,370
2001966810,2,252
2001882876,1,20
2001522372,1,13
2001675132,2,176
2001543384,1,152
2000689932,1,122
2000902276,0,0
2001636174,1,132
2000621342,1,53
2001220424,0,0
2001846888,7,560
2001335544,0,0
2000345924,0,0
2000702476,5,625
2001724420,0,0
2001519272,1,175
2001541850,0,0
2000709270,0,0
2000916278,0,0
2000450914,1,88
2000521154,1,165
2001435130,0,0
2001525672,0,0
2001769636,0,0
2001938090,1,71
2001627372,0,0
2001375026,0,0
2001610658,2,24
2000264614,1,19
2001198890,1,102
2000671302,7,987
2000898918,1,119
2001923610,5,545
2000236348,2,148
2000788868,29,1479
2000505200,2,362
2001151308,0,0
2000451924,0,0
2000706600,1,26
2001792386,1,121
2001610420,0,0
2001978642,1,188
2001178354,0,0
2000458400,1,53
2001308798,0,0
2001680080,0,0
2000439410,0,0
2001424550,0,0
2000589192,5,765
2001748012,3,204
2001177158,2,82
2001953670,1,166
2001597852,0,0
2001917432,1,43
2000225314,0,0
2000221218,2,58
2000506436,1,163
2000299718,1,148
2001249864,0,0
2000742260,2,360
2000878904,1,30
2000227184,1,161
2001106496,0,0
2001646216,2,52
2001675492,1,20
2001645850,0,0
2000901510,0,0
2001248508,0,0
2001255186,0,0
2001226032,0,0
2000441120,0,0
2001722464,0,0
2001028366,6,414
2001412204,0,0
2001118336,3,528
2001479426,0,0
2001679112,1,87
2000582290,1,192
2000794054,0,0
2000329030,0,0
2001441296,2,346
2001148064,0,0
2000781396,3,372
2001823230,2,192
2000414162,0,0
2001229560,0,0
2001807380,1,102
2001414072,0,0
2001405504,0,0
2001756846,0,0
2000851684,1,123
2001072646,1,36
2000890208,0,0
2001529884,0,0
2000220206,1,88
2001489230,0,0
2000454426,1,12
2000470756,0,0
2001369452,0,0
2001151106,0,0
2000722424,1,13
2001114784,3,288
2000220276,2,270
2001382556,0,0
2001719338,0,0
2001772340,1,163
2001098964,0,0
2001312980,0,0
2000843148,1,62
2001346016,0,0
2000962008,1,35
2001961450,0,0
2001047494,1,167
2000263908,3,477
2000681634,1,177
2000250284,3,600
2001355584,0,0
2000858310,1,52
2000572668,5,265
2001538454,0,0
2001428666,0,0
2001741442,0,0
2001096330,1,62
2001951712,4,488
2001577630,2,72
2000987794,1,180
2000591024,2,108
2000865202,0,0
2001749956,0,0
2001910798,6,600
2001295226,0,0
2001477928,1,45
2001013804,5,620
2000638062,6,168
2000290006,1,57
2000699436,7,1260
2001367940,0,0
2000848854,0,0
2001138158,1,133
2001446580,0,0
2000360210,1,190
2000445874,4,240
2001147382,1,172
2000432076,1,43
2001586932,0,0
2001934412,3,324
2000817150,5,530
2001472544,3,558
2000341142,1,68
2001744622,0,0
2000704594,8,152
2001140222,2,398
2001021630,1,148
2001651804,0,0
2001269280,0,0
2000871662,0,0
2001964164,0,0
2001783918,0,0
2001174042,0,0
2001466560,1,187
2000647834,1,86
2001789956,2,110
2000544158,1,99
2000400278,0,0
2001547990,0,0
2000308806,0,0
2000853988,1,69
2001557042,1,65
2001531584,1,81
2000453492,3,183
2000710140,1,48
2000839688,0,0
2001171366,1,48
2000308928,0,0
2000792268,2,62
2001078384,1,104
2000990402,3,333
2001914366,0,0
2000987102,2,274
2000542362,8,592
2001683864,0,0
2001243410,0,0
2001641896,1,171
2000290194,0,0
2000726580,1,167
2001703608,0,0
2000852808,2,280
2001821590,1,18
2000624014,0,0
2000407372,2,38
2000615182,1,140
2000979274,0,0
2001572196,0,0
2000748208,1,176
2001348116,0,0
2001579438,0,0
2000432716,2,200
2001115402,0,0
2001283086,0,0
2001126554,1,99
2001272154,0,0
2001568060,0,0
2001992372,1,34
2000646196,6,852
2001712460,1,84
2001429480,0,0
2001773346,0,0
2001749220,0,0
2001401478,0,0
2001031824,1,139
2001183636,3,447
2000239178,3,294
2000366208,0,0
2000264594,1,13
2001811060,1,70
2000845970,3,576
2000783834,1,172
2000948452,0,0
2001633724,0,0
2000571466,0,0
2000442362,3,453
2000307034,0,0
2001532260,1,101
2001536546,1,62
2000988992,1,59
2000479200,1,65
2000868546,1,126
2001021132,1,71
2000666720,1,49
2000937218,0,0
2001634720,1,19
2000486138,5,155
2000529534,2,62
2000980130,0,0
2001129758,1,79
2001554080,0,0
2001003820,1,126
2000360126,3,363
2001191884,0,0
2000263504,2,398
2001698622,0,0
2001628392,0,0
2001253274,0,0
2001613264,1,113
2001058088,2,362
2001761590,1,184
2000759144,0,0
2000811052,1,40
2000598226,0,0
2000849040,0,0
2001432176,0,0
2001586434,0,0
2001724268,0,0
2001936028,6,228
2001209112,0,0
2000864428,1,45
2001903234,1,149
2001262890,1,124
2001862956,1,148
2000551606,1,146
2000348140,1,142
2000989236,1,36
2001466566,2,26
2001700084,2,108
2001715528,1,43
2001538680,2,178
2001467660,0,0
2000335102,0,0
2001531712,3,243
2001484074,0,0
2000720688,4,400
2000890226,0,0
2000826846,1,200
2000931316,2,310
2001450534,0,0
2001918644,0,0
2001024428,11,605
2001338794,0,0
2001990118,0,0
2001401838,0,0
2001412060,0,0
2000496184,1,135
2000242898,3,93
2001823234,1,87
2000771346,1,76
2000628114,2,208
2001455562,2,388
2001153666,1,136
2001176630,0,0
2000702288,2,84
2001196692,1,16
2000224420,1,189
2000836550,1,39
2000590678,3,195
2000297774,3,237
2000275832,0,0
2001532008,2,114
2000629700,2,330
2000982222,0,0
2000301946,2,276
2000512106,0,0
2001133804,1,199
2001602478,0,0
2000290056,1,32
2000607756,2,104
2001185122,1,113
2000627366,4,668
2001675714,1,106
2000227134,1,137
2001933834,0,0
2001811580,0,0
2001781220,2,20
2000602238,3,228
2001359312,0,0
2000854466,0,0
2002784366,1,56
2001886482,1,197
2001449760,1,132
2000554916,1,122
2001750288,0,0
2000343466,0,0
2001679620,0,0
2001138106,1,72
2000631286,4,348
2000982954,0,0
2001190868,2,102
2001910356,1,79
2001853804,0,0
2001147526,0,0
2001809190,1,63
2001791146,0,0
2001369172,0,0
2000865830,2,222
2001900426,5,655
2001325312,0,0
2001675798,0,0
2001470000,0,0
2001787672,1,156
2001172258,1,85
2000632140,2,88
2000538964,0,0
2001248964,1,172
2000610634,0,0
2001612560,3,384
2001680844,0,0
2001129822,0,0
2000500540,1,126
2000636118,0,0
2000726340,1,188
2001281636,1,23
2001839780,0,0
2000396930,0,0
2001826586,0,0
2000652854,0,0
2000201316,1,24
2001193268,3,357
2000752842,1,180
2000520842,3,126
2001051502,8,296
2001255682,0,0
2000434784,1,170
2000801910,19,209
2001783010,1,63
2001379886,0,0
2000494622,2,392
2001451856,1,161
2001176756,0,0
2001523082,0,0
2001902808,3,516
2001833994,1,81
2000754656,0,0
2000624820,1,99
2000907360,1,79
2001359864,0,0
2001673980,0,0
2000358288,1,20
2000498974,2,352
2000790812,16,1536
2000430812,1,44
2001318698,0,0
2000557260,9,882
2000251048,1,64
2000405476,1,180
2001628060,0,0
2000613256,7,1120
2000285542,1,104
2001621882,1,128
2001652458,4,316
2000251994,1,194
2001258280,0,0
2001533092,1,135
2001114468,3,462
2000650766,0,0
2000802264,10,460
2000845566,4,708
2001547090,1,60
2001285172,0,0
2001170702,0,0
2001489432,0,0
2001700926,2,376
2000456760,1,154
2001317810,0,0
2001857606,1,161
2001184590,1,136
2000341100,1,60
2001796660,0,0
2000272470,1,159
2001209006,0,0
2001679024,2,204
2001886368,2,52
2001496116,1,176
2001196840,1,188
2001774498,1,90
2001758286,0,0
2001384310,0,0
2001086692,2,222
2001523320,0,0
2000936996,0,0
2001579480,0,0
2001392320,0,0
2000421288,1,48
2001748598,1,143
2001613084,1,186
2001141636,0,0
2001655722,1,48
2000924812,2,188
2000228230,0,0
2001806952,1,13
2001852008,1,172
2001321360,0,0
2000656818,1,181
2001363958,0,0
2001029242,2,272
2001471020,0,0
2001949362,3,186
2000748546,0,0
2001550280,1,65
2001910106,2,224
2001567078,1,106
2001291738,0,0
2001154176,1,82
2001911184,11,1265
2001886310,4,428
2001123834,1,35
2000564116,1,72
2001397414,0,0
2000865920,2,338
2000309766,3,90
2000828770,1,95
2001207736,0,0
2001783714,1,135
2001125476,4,632
2001903696,1,146
2001382690,0,0
2000719134,3,417
2001811496,0,0
2001078848,1,132
2001295488,0,0
2001306704,0,0
2001204060,0,0
2001913410,1,93
2001125376,5,615
2000718554,6,234
2000351352,1,41
2001705466,0,0
2000457008,0,0
2001775162,1,23
2001954648,4,768
2001486300,1,171
2001362874,0,0
2001023756,38,6232
2001177010,1,157
2000770222,0,0
2001177618,3,75
2000292816,1,37
2001769816,0,0
2000904692,0,0
2000861286,1,186
2001695592,0,0
2001784498,4,784
2001437830,1,56
2000736886,1,124
2001063488,4,188
2000618534,2,380
2001866640,2,270
2001987384,1,114
2000463854,2,56
2001274730,0,0
2000442752,1,165
2001679690,0,0
2001498070,0,0
2000889646,1,110
2000329922,0,0
2000674662,3,522
2000651112,2,110
2001074936,0,0
2000418410,0,0
2001078424,1,83
2000750480,1,25
2001333892,0,0
2001116012,1,49
2000321356,2,236
2001264964,0,0
2001717132,2,344
2000683164,0,0
2001093234,4,508
2001587690,1,146
2000651740,1,68
2000204390,3,333
2000655168,4,208
2000542358,5,835
2000915430,1,176
2001586730,0,0
2000967592,0,0
2001675746,1,98
2001530326,0,0
2000941944,0,0
2001123952,0,0
2001734096,1,69
2001765666,0,0
2001493198,0,0
2001278388,0,0
2001751250,0,0
2000922276,1,170
2000815762,20,3440
2001447604,1,91
2001351768,0,0
2001458190,0,0
2001405302,0,0
2001352616,0,0
2000295082,1,181
2000951858,3,159
2000931642,1,175
2000806758,3,420
2000999964,0,0
2000463042,0,0
2000907874,1,70
2000946098,0,0
2001689374,0,0
2001954848,2,372
2001779340,3,396
2001694116,0,0
2000346030,2,288
2001633030,0,0
2001997188,3,294
2000769964,0,0
2001776728,2,212
2001141398,1,145
2000856976,2,282
2001796082,0,0
2001050972,16,1456
2000891888,5,375
2000915086,1,152
2001828310,1,24
2001411562,0,0
2000459628,2,40
2000866228,1,137
2001385670,0,0
2000510056,0,0
2001731228,2,24
2000644222,3,201
2000549484,2,180
2001189790,0,0
2000720640,1,183
2001728168,1,40
2000328180,2,276
2000803750,5,250
2001162080,0,0
2000806206,1,36
2001426236,0,0
2000784368,0,0
2000635792,1,56
2001363376,0,0
2000758736,2,386
2001376250,0,0
2001967182,6,66
2001390240,0,0
2000802862,5,65
2001558000,1,158
2000975158,1,14
2000899136,0,0
2001234362,0,0
2001878382,3,345
2000319544,0,0
2001791378,1,117
2000390270,1,146
2001949532,1,162
2000611858,1,86
2001121932,0,0
2000771904,1,112
2000645134,1,74
2001024396,16,1536
2001694174,0,0
2000309758,2,40
2001055496,1,30
2001937334,2,22
2000603074,5,270
2001323360,0,0
2000361486,0,0
2001913086,1,113
2001522810,0,0
2000854284,1,199
2001841494,1,53
2000270994,3,531
2000226966,1,113
2000673024,2,278
2000824270,2,320
2000525556,1,81
2001219806,0,0
2000407362,3,171
2000913224,0,0
2001108060,0,0
2001969322,3,255
2000870070,0,0
2000743796,1,68
2000910378,2,88
2001255610,0,0
2000211682,1,123
2000790096,10,550
2001315554,0,0
2001247930,0,0
2000893622,1,158
2001303688,0,0
2001580850,2,246
2000458106,0,0
2001659424,1,22
2001903436,0,0
2001681864,2,384
2001367990,0,0
2001847444,4,120
2001719234,0,0
2000954218,1,93
2001379454,0,0
2000512946,7,259
2000865550,0,0
2001751568,0,0
2001104070,0,0
2000615948,9,1440
2001516930,1,99
2000594108,6,738
2001565222,0,0
2001109624,3,207
2001856874,0,0
2000726158,2,270
2000653794,1,57
2001663846,0,0
2001078612,1,164
2000319484,0,0
2001765492,0,0
2001175092,1,77
2000819984,0,0
2001886082,1,188
2000238726,0,0
2001445808,1,91
2000509570,1,146
2001245544,0,0
2001765996,0,0
2001131650,0,0
2000272896,0,0
2001747708,0,0
2001761046,0,0
2001005196,1,21
2000610724,2,48
2001449446,1,108
2000414040,2,308
2001958822,1,21
2000221294,1,31
2000742986,0,0
2001263462,0,0
2000892382,1,80
2001044242,1,178
2001182214,1,71
2000414994,1,118
2001615204,0,0
2001122774,1,51
2001081144,1,156
2000319096,0,0
2001257346,0,0
2001769720,0,0
2000545414,1,81
2000536904,0,0
2001608570,0,0
2001566220,0,0
2000756936,1,94
2000801964,14,2016
2001683642,0,0
2001001104,2,224
2001801296,1,95
2001046554,3,396
2001982864,1,98
2000758784,2,28
2001865946,0,0
2001218170,0,0
2001269560,0,0
2001601702,1,122
2001961654,2,316
2001049542,0,0
2001556538,1,76
2000949648,0,0
2000910008,0,0
2001289068,0,0
2001253622,0,0
2001554556,0,0
2000348156,0,0
2000808142,1,147
2000992922,0,0
2001514032,0,0
2001951000,1,11
2000619262,1,120
2001983462,0,0
2001004498,0,0
2001806722,1,176
2000761228,0,0
2000898392,1,19
2001415226,1,69
2000363374,0,0
2000744052,0,0
2001786910,2,176
2000749672,4,716
2000264522,1,116
2000739466,1,33
2000990550,1,17
2001687968,1,47
2001624460,0,0
2000850490,4,44
2001279612,0,0
2000698552,4,292
2000769968,1,194
2001533316,1,168
2001423660,0,0
2001332332,0,0
2001346202,0,0
2001131394,0,0
2001428862,0,0
2000485228,0,0
2000556462,0,0
2001117130,0,0
2001539888,0,0
2001197828,0,0
2001180482,1,54
2000987586,2,246
2001634094,3,498
2000837276,0,0
2001415632,0,0
2001212174,0,0
2001196768,0,0
2001695710,0,0
2001603154,0,0
2000866596,0,0
2001555472,0,0
2000286650,0,0
2001897384,2,232
2000787896,1,109
2000971748,0,0
2000232014,1,105
2001864200,4,612
2001495356,2,384
2001693616,0,0
2001935778,1,23
2000344596,0,0
2000670214,0,0
2001080716,0,0
2001288012,0,0
2001748810,1,101
2001901788,1,21
2001008200,1,37
2001285858,0,0
2000733748,1,46
2001339940,0,0
2000378046,0,0
2001839564,0,0
2000697726,1,152
2000508550,2,238
2000387094,1,30
2000259002,4,248
2001531564,0,0
2000818272,2,244
2000240428,1,107
2001214410,1,79
2000973318,0,0
2001199276,1,39
2001372190,0,0
2000431566,1,125
2001220792,0,0
2001084590,0,0
2000672360,2,294
2000384022,2,20
2000465152,1,72
2001330556,0,0
2000664160,0,0
2001320634,0,0
2000232566,3,105
2000568424,0,0
2001188030,1,152
2001801622,1,25
2001705056,0,0
2000283826,2,134
2001844846,8,896
2001828368,1,36
2001529750,0,0
2000238086,0,0
2001897322,0,0
2000276468,3,417
2000933574,0,0
2000430746,4,540
2000852640,0,0
2001776916,1,26
2000780460,3,225
2001141246,1,174
2000308830,0,0
2001331200,0,0
2001519116,1,199
2000613362,4,584
2001422534,0,0
2001552116,1,64
2000676994,1,43
2000367152,4,556
2000892078,1,117
2001279486,0,0
2000452932,3,366
2001394616,0,0
2000422574,0,0
2000218318,0,0
2001296462,0,0
2001174354,1,74
2001725528,1,153
2000545170,1,121
2000606590,2,152
2001986618,4,264
2000858822,4,620
2000378290,1,95
2001915688,1,39
2000847018,2,28
2001876378,0,0
2001149304,1,90
2001889570,0,0
2001828482,1,87
2000523590,1,53
2000594924,3,156
2000287152,2,192
2001069018,0,0
2001712276,1,120
2001820496,1,144
2000910610,3,219
2001444082,0,0
2000562330,2,40
2000949366,0,0
2001378570,0,0
2001217068,0,0
2000268046,1,87
2000348500,0,0
2000823710,1,37
2000202862,0,0
2001270922,0,0
2001832048,8,1520
2000687250,0,0
2001891830,1,21
2001178198,1,181
2000716634,1,68
2000791564,4,440
2001827572,3,465
2001365012,0,0
2001910436,1,16
2000294954,1,111
2001540348,1,143
2000645704,20,3100
2001802812,0,0
2001763366,0,0
2000391854,1,146
2001520432,0,0
2000707520,0,0
2000546256,3,255
2000524594,2,266
2000496566,0,0
2001939882,2,390
2001429680,0,0
2000929116,1,99
2000629240,2,236
2000267386,1,46
2001901256,2,52
2000431266,1,196
2000512718,6,486
2001039924,4,236
2001219132,0,0
2001199258,1,100
2001062714,1,52
2001685556,0,0
2000208096,2,46
2000431364,1,162
2000699230,9,990
2001600372,1,13
2001211354,0,0
2000260224,1,15
2001938342,1,136
2001061024,2,328
2001069514,2,242
2000741476,1,44
2000810492,2,22
2000817378,1,79
2001278996,0,0
2001140458,2,308
2000685660,2,220
2001306650,0,0
2000717870,3,33
2001518402,0,0
2001857044,0,0
2000296566,0,0
2001551498,0,0
2001471036,0,0
2000737730,3,90
2001004624,0,0
2001132310,2,218
2001335950,1,112
2001137554,2,328
2001431490,0,0
2001822298,0,0
2000833874,2,302
2000356488,1,51
2001068334,0,0
2000315150,0,0
2001959938,0,0
2000350636,2,22
2001778940,2,34
2001968094,3,336
2000912726,0,0
2001452836,1,151
2001891138,2,400
2001862230,5,700
2000415574,0,0
2001566812,2,292
2000626684,4,324
2001859160,0,0
2001167846,1,119
2000664956,3,438
2001522442,1,12
2000531372,8,848
2000779714,6,108
2001403706,0,0
2000872806,3,87
2001651694,1,198
2001182346,0,0
2001551906,0,0
2001997280,1,159
2001695670,0,0
2001444934,5,670
2000276180,0,0
2000273920,2,86
2001887548,0,0
2001910390,1,117
2001917806,0,0
2000725368,2,180
2001787380,2,104
2000870066,1,63
2000296666,2,354
2000469264,0,0
2001818724,1,174
2001848294,3,546
2001924308,1,120
2001397222,0,0
2000842158,3,120
2001162692,0,0
2001499680,0,0
2001109772,3,483
2000911578,1,181
2001138572,0,0
2000633354,6,840
2000257108,1,15
2000882704,0,0
2001192276,0,0
2001089704,4,180
2000796628,1,110
2001512308,1,58
2001605594,1,168
2000293760,0,0
2000223144,2,136
2001266552,0,0
2001739674,2,172
2000323760,4,224
2001201388,0,0
2000420850,1,118
2000857340,1,148
2000530200,4,592
2000765156,1,18
2000611798,1,183
2000767370,0,0
2001855608,0,0
2001277182,0,0
2001268450,0,0
2000915506,1,180
2000963366,1,80
2000200268,1,97
2001760704,0,0
2001274544,0,0
2001288358,0,0
2001703686,0,0
2000223432,2,280
2001864734,1,18
2000738632,3,369
2001664270,0,0
2000987000,0,0
2000733000,2,236
2001161810,0,0
2001805934,6,174
2001052780,1,108
2001773462,4,208
2000412426,2,398
2001108530,0,0
2000729480,12,2160
2001162966,0,0
2001291712,0,0
2000322288,0,0
2001924086,2,392
2001060682,0,0
2001074326,1,165
2001788138,0,0
2000632780,1,19
2000879776,1,84
2000259388,0,0
2001285746,0,0
2001287366,0,0
2001701158,1,16
2001897486,6,72
2000481552,0,0
2001042764,1,16
2001709506,0,0
2001845976,2,172
2000586750,4,148
2000456834,0,0
2001325906,0,0
2000558584,3,114
2000600616,0,0
2000852454,0,0
2000894880,4,168
2000318822,1,146
2001523716,0,0
2001932240,1,69
2000927062,0,0
2001018174,0,0
2001709494,1,70
2001063000,0,0
2000419756,6,996
2001344990,0,0
2001729316,0,0
2000794558,0,0
2001617208,1,177
2000456968,0,0
2000836194,1,15
2001413146,0,0
2011218110,4,124
2000459380,2,28
2001918892,0,0
2000719292,2,196
2001558440,1,173
2001025094,16,2544
2000506140,2,66
2001750328,1,94
2001143790,0,0
2001780702,0,0
2000592926,15,1050
2000455752,2,348
2001294754,0,0
2001986468,5,205
2001781926,2,192
2001102386,0,0
2000248348,1,155
2001422640,0,0
2001264278,0,0
2000906128,3,201
2000703362,3,339
2001655440,0,0
2001249566,0,0
2001381796,0,0
2000294028,4,672
2000680828,2,374
2000863354,5,325
2000340678,3,231
2000215436,1,113
2000539594,0,0
2001103352,0,0
2000503402,0,0
2000654926,0,0
2001381744,0,0
2001922006,0,0
2001108624,1,39
2001284420,0,0
2000785898,4,564
2001979566,0,0
2000297812,1,196
2000283660,2,274
2000317178,0,0
2001258824,0,0
2001592460,1,113
2000970490,1,86
2001470284,0,0
2001383212,0,0
2001831344,1,128
2001854138,0,0
2000679656,0,0
2001146892,3,534
2000302806,0,0
2000811080,1,195
2001155032,1,100
2000993118,2,348
2001790112,1,80
2000420222,1,172
2000571282,0,0
2001235094,0,0
2000285072,1,158
2001093462,1,119
2000864432,1,185
2000727118,1,199
2001066888,1,56
2001910968,7,1001
2001187912,0,0
2001343752,0,0
2000875242,0,0
2001818728,2,44
2000333906,1,158
2001702282,1,182
2001161562,3,309
2000948940,0,0
2000360596,0,0
2001353702,0,0
2001414674,0,0
2000366552,4,780
2001086964,3,177
2001974652,2,222
2001427150,0,0
2000891860,4,288
2001926556,1,36
2000509844,1,173
2001483730,0,0
2000474122,0,0
2000730634,6,816
2000436238,0,0
2000417782,0,0
2001688836,1,183
2000205838,1,40
2001290262,0,0
2000267342,1,95
2000935734,1,95
2001697018,1,106
2001559128,0,0
2000764960,2,384
2001391898,0,0
2000237964,1,13
2001149228,3,471
2001685804,2,276
2000286100,0,0
2001544664,0,0
2001744354,0,0
2001750922,0,0
2000305970,1,89
2001112682,1,138
2000253924,0,0
2001043714,1,56
2000933730,0,0
2000712002,0,0
2000742844,1,30
2001212150,0,0
2001257150,0,0
2000814878,6,588
2000922496,1,65
2000925052,2,154
2000823252,0,0
2001445598,1,120
2001509544,1,131
2000842250,1,66
2000483640,1,42
2000620056,0,0
2001780238,1,37
2001426234,0,0
2000610074,0,0
2001245404,0,0
2000964806,0,0
2001752730,0,0
2000373056,0,0
2001012950,5,915
2001061482,2,372
2001181366,1,121
2000411544,0,0
2000302182,1,135
2001403386,0,0
2000995356,1,77
2000532760,1,17
2000269002,0,0
2001708972,1,162
2001589202,0,0
2000454348,1,181
2001685078,0,0
2000224114,0,0
2001389628,0,0
2001174520,2,118
2000953036,1,118
2000544214,1,98
2001533906,0,0
2000578290,15,630
2001193728,2,364
2000770930,0,0
2001167266,1,145
2000903906,1,50
2000214658,1,20
2028085598,1,168
2001656280,1,120
2001091274,1,36
2001425354,0,0
2001886366,1,166
2001118988,1,95
2001935964,0,0
2001428374,0,0
2000561252,18,2538
2000837034,1,197
2000642080,11,1694
2001714638,0,0
2000766586,1,111
2001883668,2,372
2000272732,0,0
2000673460,1,50
2001701306,0,0
2000372188,1,84
2001476652,4,600
2000454584,1,157
2001971662,1,162
2000621720,0,0
2000828170,0,0
2001213796,0,0
2001214852,0,0
2000719526,2,278
2001091462,1,74
2000734094,1,176
2001844938,4,184
2001739118,0,0
2001243792,0,0
2001488160,0,0
2001480246,0,0
2000614132,2,130
2000831106,1,142
2001554450,0,0
2000639512,1,64
2000810234,2,356
2001809880,1,104
2001710326,0,0
2001042012,2,322
2000883912,1,94
2001704780,1,116
2001567282,1,51
2000616254,6,264
2001416860,0,0
2001271172,0,0
2001972278,1,25
2000426476,1,176
2001414474,0,0
2000976920,2,332
2000309390,1,38
2000815874,20,420
2000649212,0,0
2001798462,0,0
2000330650,0,0
2001388630,0,0
2001063944,2,128
2001409022,0,0
2000565870,1,106
2000206666,1,149
2000271954,1,71
2000978344,2,32
2001813396,1,196
2001645600,0,0
2001462928,2,94
2001390716,0,0
2000970186,3,537
2000369100,1,67
2001562406,1,175
2001096898,0,0
2001760556,0,0
2001514674,2,376
2001272578,0,0
2001092624,5,235
2001032692,0,0
2000855994,0,0
2000556252,0,0
2001044216,1,46
2001507844,0,0
2001312286,0,0
2001901500,1,75
2000597446,2,196
2000919726,0,0
2001587248,0,0
2000516490,10,820
2000890272,3,546
2001710930,0,0
2001210902,0,0
2000906646,1,36
2000600550,2,176
2001962490,4,468
2000352710,0,0
2000545360,1,75
2001759974,0,0
2001985958,2,354
2001826754,0,0
2000290020,1,140
2001781320,4,200
2001060152,1,196
2000568192,0,0
2001244246,0,0
2001116768,0,0
2001861976,0,0
2001113652,0,0
2000769124,1,39
2001076356,2,312
2001176222,1,23
2001458974,0,0
2001134508,0,0
2001235660,0,0
2001355736,0,0
2001586810,0,0
2000410980,0,0
2001959140,1,132
2000666376,1,66
2001536464,1,44
2000330332,0,0
2000730996,3,222
2000486354,2,200
2000663574,1,120
2000336994,1,119
2001056822,0,0
2000887756,1,15
2001909084,7,973
2001678984,2,324
2000744490,0,0
2001729786,1,74
2001073254,1,105
2000983158,0,0
2000340910,2,334
2001822156,0,0
2001040056,9,1791
2001726780,0,0
2001659264,2,122
2001141346,1,57
2001568212,0,0
2000893428,1,126
2000345318,0,0
2001930074,0,0
2001373280,0,0
2001280102,0,0
2001592042,0,0
2001754606,1,159
2001632084,0,0
2001932514,1,99
2000352476,1,99
2000356044,0,0
2000296910,3,540
2001977104,0,0
2001357296,0,0
2001846470,1,28
2000341602,0,0
2000292614,1,120
2001748750,1,84
2001342836,0,0
2000612666,0,0
2001160578,0,0
2001033372,0,0
2000435824,0,0
2001917782,0,0
2000372610,1,110
2000222774,0,0
2001189586,0,0
2001409176,0,0
2000574124,2,220
2000840060,0,0
2001341468,0,0
2001760778,0,0
2001636186,1,168
2000631116,10,1830
2000865120,1,50
2001496892,0,0
2001772400,1,119
2000407848,1,80
2000917730,2,94
2000475058,0,0
2001786472,2,330
2000763800,1,104
2001298072,0,0
2001755996,0,0
2001491890,1,165
2001779770,0,0
2000317016,0,0
2000526246,1,53
2001987082,1,187
2000328988,1,140
2001493842,0,0
2000618574,2,54
2001215300,0,0
2001812248,2,178
2001013134,4,448
2001566002,0,0
2001215700,0,0
2001856872,0,0
2001131482,0,0
2000334220,0,0
2001089678,1,171
2001827962,4,528
2001759328,2,288
2000660202,1,85
2001521946,0,0
2000327148,1,33
2001744742,1,194
2001019098,3,459
2000475920,0,0
2001728996,1,140
2001468580,1,175
2001706568,0,0
2000979300,0,0
2001929962,0,0
2000233508,1,31
2000466980,1,17
2000688708,1,130
2000389812,5,565
2001002660,1,151
2001130932,0,0
2000893640,0,0
2001082626,3,315
2001930416,1,145
2001072562,1,182
2001077182,3,426
2000274732,1,144
2000571034,0,0
2001913906,0,0
2001261888,0,0
2001464754,0,0
2000623458,1,35
2000652724,1,78
2000757648,0,0
2000432492,0,0
2000466034,1,99
2000838940,0,0
2001364224,0,0
2000514036,1,73
2000929074,2,318
2001826954,0,0
2000980718,4,152
2000308176,0,0
2001300462,0,0
2000596542,1,103
2001659092,1,182
2000581114,4,60
2000231864,0,0
2001240952,0,0
2000431474,1,25
2000840070,0,0
2000598496,0,0
2000352318,1,92
2001924634,1,199
2001405810,0,0
2001220858,0,0
2001136610,0,0
2000296500,1,150
2001034462,2,358
2001710966,0,0
2000557282,5,725
2000588502,0,0
2000461270,0,0
2001441872,0,0
2000518102,2,146
2001035926,1,171
2001801982,0,0
2000273306,1,148
2000987192,4,512
2001658432,0,0
2001728340,3,72
2000674646,2,356
2000586046,2,326
2000485792,2,386
2001580650,5,585
2001256228,0,0
2025977162,1,157
2000293292,0,0
2000789152,19,1976
2000415262,0,0
2000331674,1,169
2001487756,0,0
2001729640,0,0
2001458770,0,0
2001316792,1,60
2000392536,1,170
2001841872,1,62
2001440872,0,0
2000763664,0,0
2001309554,0,0
2000208230,1,63
2000920128,1,117
2001117626,1,86
2001822326,1,167
2001007834,0,0
2001345074,0,0
2001137876,3,525
2000803300,9,342
2000316970,0,0
2000364082,2,318
2000313030,4,216
2000539482,0,0
2001372796,0,0
2001450642,0,0
2001808258,0,0
2001454344,0,0
2000672246,3,348
2001746120,1,34
2001978786,0,0
2001871958,0,0
2001959346,0,0
2001547158,1,45
2001047434,0,0
2000218494,0,0
2001889218,0,0
2000944056,3,501
2000811606,0,0
2000255580,3,549
2000780188,6,1026
2000229664,1,177
2001770590,0,0
2000632106,2,206
2000937692,0,0
2000692186,1,74
2000912536,1,47
2001254826,0,0
2000526916,0,0
2001662926,0,0
2001772750,0,0
2000887832,1,177
2001962934,1,118
2001874640,1,95
2000401802,4,800
2000723664,1,50
2001247042,0,0
2001507140,0,0
2001782420,1,17
2000589660,11,1001
2000548524,0,0
2001304004,0,0
2001739512,2,312
2000800022,0,0
2000587638,1,156
2000649072,2,264
2001950696,1,24
2000514682,2,110
2001014808,4,340
2001008628,0,0
2000497642,0,0
2001436896,0,0
2000905448,0,0
2001706586,1,155
2000702688,12,960
2001724650,0,0
2000336260,1,102
2001965364,6,762
2001841966,1,76
2001898222,1,101
2000234472,0,0
2000798934,1,12
2000851478,1,144
2001514292,2,198
2000228014,0,0
2013326546,6,810
2000545098,2,80
2001929184,1,37
2001407426,0,0
2000604016,1,185
2000646878,4,280
2001603690,0,0
2000956274,3,93
2000962668,2,46
2000852172,0,0
2001996510,5,410
2001249956,0,0
2001105414,3,561
2001637586,0,0
2000832896,1,120
2001450312,0,0
2000791656,7,259
2000317274,2,34
2000379326,0,0
2001703426,0,0
2000653992,0,0
2001544952,0,0
2001309580,0,0
2000936400,1,197
2001333846,0,0
2000250608,2,374
2001010042,6,858
2001628332,0,0
2000844664,0,0
2001239608,0,0
2001612918,0,0
2000332744,0,0
2001696154,0,0
2001624468,0,0
2000576736,1,23
2000996014,0,0
2000367366,3,102
2000254234,0,0
2000355148,2,382
2000474160,1,158
2000622686,0,0
2000965856,0,0
2000915988,0,0
2001271478,0,0
2000474774,1,131
2000365030,1,24
2001197494,0,0
2001664516,0,0
2001147028,2,78
2001464774,0,0
2001106278,1,73
2001706248,0,0
2000936124,1,102
2001337710,0,0
2000765566,1,29
2000215570,1,21
2001846876,5,680
2001447098,0,0
2000212892,1,181
2001811798,0,0
2001957954,2,248
2000259918,0,0
2000615304,1,136
2001979408,0,0
2001736244,0,0
2001429560,1,65
2000724420,0,0
2001366926,0,0
2000408882,0,0
2000961504,1,128
2000622730,3,552
2001862596,1,158
2001658886,0,0
2000526330,1,180
2000742634,3,264
2001899950,0,0
2000800002,0,0
2000928518,1,99
2001034036,0,0
2000211434,3,51
2000992348,0,0
2000873384,2,250
2001594444,0,0
2001426926,0,0
2001223622,0,0
2001353080,0,0
2000777868,18,306
2001201660,0,0
2000961720,0,0
2000406146,2,356
2001966356,2,308
2000674264,7,679
2001934570,2,284
2000940050,1,54
2001862396,4,676
2000475264,1,32
2000622512,0,0
2001144054,0,0
2001068218,0,0
2000994000,2,366
2000675988,8,1136
2000484910,1,88
2000768984,1,82
2001388168,0,0
2001707164,1,51
2000457772,0,0
2001992692,1,96
2001907176,1,138
2000827260,0,0
2000704700,3,129
2000454298,1,44
2000626272,0,0
2000419714,2,290
2000879998,1,86
2001746320,0,0
2000761414,0,0
2000267286,1,193
2001057378,0,0
2000476528,0,0
2000562664,3,261
2001983382,0,0
2001909952,2,164
2001235974,0,0
2000244912,1,77
2000679146,0,0
2001870958,0,0
2001324768,0,0
2000384638,4,480
2001100856,3,108
2000691960,6,132
2000605742,2,362
2000405964,0,0
2000602664,5,655
2000696488,2,238
2001441746,1,99
2000878788,2,346
2001779726,1,54
2000597616,1,25
2000323042,0,0
2001608372,0,0
2000894886,2,70
2001458016,1,86
2000927352,2,252
2001918540,0,0
2001425600,0,0
2001305984,0,0
2000992130,2,376
2000972094,1,149
2000601664,0,0
2000902206,0,0
2000241340,0,0
2001376286,0,0
2000745240,2,388
2001423830,0,0
2001556880,2,200
2000527404,11,1925
2000766548,1,46
2001720832,1,56
2001300122,0,0
2001404696,0,0
2000543432,1,180
2001673396,0,0
2001328734,1,27
2000436280,0,0
2000750750,1,170
2000470534,0,0
2000898264,1,97
2000573358,2,24
2000498336,0,0
2001550634,0,0
2000484346,0,0
2001250200,0,0
2001978788,0,0
2000906336,3,270
2001623670,0,0
2001727038,0,0
2001605928,0,0
2001373698,0,0
2001377888,0,0
2001726170,0,0
2001625096,1,43
2001189094,1,30
2000647856,12,960
2001132296,2,270
2001842622,0,0
2001195458,1,46
2001073774,2,22
2000358746,0,0
2000658110,6,222
2000829168,4,260
2001904216,0,0
2000762530,4,268
2001384560,0,0
2001218246,0,0
2000365694,0,0
2001949676,1,172
2000858306,0,0
2001080140,0,0
2000711022,1,154
2000358106,0,0
2000222244,1,38
2001060914,0,0
2000249754,0,0
2000813504,16,704
2000869272,2,348
2000322674,1,28
2000703490,4,348
2000882230,2,50
2000639934,0,0
2000617616,1,120
2001150198,1,140
2001453088,0,0
2001901240,5,680
2001293744,0,0
2001439262,0,0
2001162370,0,0
2001062694,1,50
2001008318,0,0
2000586152,6,186
2001496744,0,0
2001926488,1,43
2001534238,0,0
2000959588,3,399
2001603986,1,192
2001816498,2,374
2001988300,3,132
2001097708,1,23
2001727154,0,0
2000248126,3,480
2000893008,1,136
2001752134,0,0
2001540572,0,0
2001945188,2,82
2001578496,0,0
2001228774,0,0
2001833914,2,318
2001191530,0,0
2001492890,1,53
2000559348,2,78
2001584074,0,0
2001966830,1,109
2000226106,4,640
2000424400,1,155
2001231000,0,0
2000991486,0,0
2000998684,1,178
2001514528,2,186
2001707682,0,0
2000990966,0,0
2001966884,1,195
2000831278,1,131
2001842864,6,1014
2001563946,1,122
2001178534,1,90
2001112262,2,336
2000973960,3,315
2001574990,0,0
2001838822,1,30
2000874290,1,23
2001502500,0,0
2001120394,1,125
2001009996,9,108
2001556024,1,127
2001113124,0,0
2001774212,2,194
2000938044,0,0
2000776400,8,272
2000508330,0,0
2001138422,1,28
2001176024,0,0
2000489952,1,88
2001906062,3,600
2000999228,1,162
2000610100,1,38
2000265460,1,50
2000202594,1,137
2001348444,0,0
2000721474,2,58
2000419782,3,270
2001329392,0,0
2000447794,1,191
2001730848,2,104
2001153438,1,91
2001817486,7,469
2001174198,0,0
2000350258,2,280
2001921262,1,21
2000381368,3,333
2001052086,21,3192
2001136248,0,0
2001005080,1,161
2000627498,3,567
2001943042,0,0
2000514532,2,256
2000807108,1,171
2000645666,8,1456
2001290318,0,0
2000808592,0,0
2001275838,0,0
2001052288,11,517
2000728166,0,0
2001955236,2,318
2001475408,0,0
2000274576,0,0
2001432942,0,0
2000325524,1,18
2000315468,1,86
2001813024,3,339
2001067084,2,224
2001022290,1,23
2000204450,1,181
2000610114,0,0
2000673464,5,980
2000280314,1,79
2001192348,0,0
2001825010,1,35
2000796202,0,0
2000240306,1,71
2001965408,4,340
2000709692,2,252
2000697118,1,136
2001811886,0,0
2000680964,1,181
2001085340,0,0
2001331040,0,0
2000809982,0,0
2000566874,0,0
2000985644,1,122
2001259182,0,0
2001295458,0,0
2001805740,4,180
2001236976,0,0
2001861900,0,0
2001466720,2,150
2000985344,1,96
2001333038,0,0
2000902174,0,0
2001441324,2,154
2000340372,4,516
2000426728,3,198
2001753970,1,123
2001964862,5,105
2000683824,6,66
2000495940,1,175
2001860714,0,0
2000803396,10,1650
2001939648,4,784
2000229536,1,21
2000451996,3,567
2000544090,2,196
2001047874,1,82
2001865026,1,183
2001060178,1,129
2000362166,0,0
2000709140,0,0
2000762852,3,402
2001919560,4,196
2000762384,1,181
2000709024,0,0
2001213728,0,0
2000778716,6,546
2000631424,3,516
2000397592,2,372
2000227802,1,174
2000676092,2,348
2001316862,0,0
2000397168,0,0
2000384830,5,275
2001718508,1,184
2000580590,1,29
2001182964,0,0
2000673946,14,700
2000323824,2,118
2000878852,2,24
2000285258,1,10
2000537138,0,0
2001306016,0,0
2001819722,0,0
2000671650,9,1269
2001170056,1,129
2001734218,2,256
2000491316,0,0
2000224402,1,111
2000583010,1,116
2001807816,0,0
2001374160,0,0
2001201462,0,0
2000904304,0,0
2001838942,1,51
2001678490,1,179
2001058002,1,89
2000246682,0,0
2000634298,3,303
2001222942,0,0
2000984610,2,354
2001746306,0,0
2001326630,0,0
2001715058,0,0
2001508742,0,0
2001577114,1,165
2001703228,0,0
2001301656,0,0
2001161350,3,183
2000500660,0,0
2000755534,2,58
2000405926,0,0
2001872542,0,0
2001298816,0,0
2000848372,1,136
2000900914,0,0
2000617448,1,144
2001580316,2,346
2001067132,1,75
2000256080,1,75
2000355510,1,151
2001898158,1,96
2001447544,0,0
2001829556,1,113
2001191554,0,0
2001191224,1,120
2001044904,1,11
2000545786,3,303
2000316288,1,21
2000859466,2,334
2001750742,0,0
2000721228,1,86
2000293936,3,270
2000520982,2,70
2001406906,0,0
2001592368,0,0
2001548714,0,0
2000789638,11,792
2000424248,0,0
2001682994,0,0
2000534470,1,139
2001682942,1,72
2000749632,3,195
2001141876,1,157
2000232856,2,390
2001978318,1,65
2001234646,0,0
2001071630,1,147
2001884542,9,1584
2001533556,0,0
2001510584,2,282
2001477942,1,115
2001469336,0,0
2001417098,0,0
2001774998,1,10
2000299160,1,58
2001356700,0,0
2000202950,0,0
2001522466,1,110
2000207994,3,462
2000661648,2,94
2001616542,0,0
2001995030,0,0
2001275762,0,0
2000544192,1,154
2001543470,1,36
2000214146,1,108
2001381524,0,0
2000986462,0,0
2001819934,1,154
2000569062,0,0
2001505860,3,453
2000967362,1,48
2000912604,0,0
2000233848,1,110
2001411602,0,0
2001012946,12,780
2001593758,0,0
2001246770,0,0
2000644958,3,558
2001376526,0,0
2001163968,2,378
2000981228,0,0
2000442494,1,32
2001792014,1,198
2001075166,0,0
2001415110,1,130
2001629334,3,537
2001994084,0,0
2000557372,2,376
2001416582,0,0
2000557194,13,1716
2001184292,2,252
2000289736,1,170
2000767646,1,73
2001617768,1,47
2000975632,0,0
2001461256,1,21
2000703416,3,510
2000971992,0,0
2001242118,0,0
2000257366,0,0
2000354360,5,725
2000359562,1,179
2001641684,1,148
2001708172,0,0
2000955828,0,0
2001175050,2,320
2000247784,0,0
2000711666,0,0
2001091006,1,155
2001083196,1,104
2001433568,1,90
2001940316,2,186
2001789394,5,985
2001545788,0,0
2001756030,0,0
2001152066,3,399
2000313994,1,115
2001232698,0,0
2001412130,0,0
2001068826,0,0
2000798588,1,86
2000509456,2,196
2000647648,2,384
2000635210,1,150
2000209604,0,0
2000605998,1,143
